dow30,naftrac,nasdaq,russell2000,sp500
1.2646015723,-0.1408670984,0.7494028101,0.9486098353,1.2984147914
0.06256399,1.5644725648,0.6206594122,0.8539855286,0.2762907771
-0.1158218641,0.0937176515,-0.3215298972,-0.7705580056,-0.2359455428
0.5887990528,-0.0098376986,0.9373837088,0.6996307499,0.7362867976
0.380129969,0.1194657758,0.3579643658,0.0973595358,0.461139194
-0.4011047524,-0.4231517371,0.2049370198,-0.1721386657,-0.0523928552
1.1729976073,0.5864786601,0.8879512673,1.3580573947,0.9488816497
0.5065947186,0.3254526916,0.358263747,0.3008057098,0.5374419252
0.3579957322,0.6331544629,-0.0771948716,-0.4363650899,0.2434768909
0.3621509336,0.4249895659,0.0654016416,0.1741895776,0.2984839643
-0.310053977,-0.1372407245,0.0830199601,-0.0067757075,-0.2774208577
0.4658260797,0.3217852786,0.3469671312,0.3663961582,0.512637622
0.1526270354,-0.0861221452,0.2279461138,0.7770005789,0.0772319544
0.0539190181,0.3719561751,-0.076779136,-0.2304392968,-0.0394170363
-0.3370213737,-0.3142917879,-0.3083164531,-0.578271391,-0.2421514163
0.0782941488,0.4226096816,0.4255583605,0.6505305587,0.34165813
-0.259134618,0.4969882594,0.3246475567,0.3810053039,-0.1086370146
0.0229807712,0.4695811588,-0.5961567062,-0.6161115046,-0.1360282511
-0.1088207673,0.668573967,-0.2731294628,-0.4354366392,-0.2240346552
0.4103398132,-0.109753686,0.383374961,0.2049479414,0.5415473698
-0.2251933738,0.2902149363,0.1437675137,0.1444365128,-0.4033254869
-0.7104192833,-1.1819280019,-0.9005907304,-1.1482663011,-0.8078759165
0.3237299364,-0.0854233974,0.6747540864,0.4987045989,0.3796044795
-0.1836130579,-0.5896368308,0.0568383818,0.5656913034,0.0575193626
-0.4677377726,0.395519583,-0.5668926448,-0.9801232383,-0.7400078722
0.2478340019,0.1669058391,-1.0900496085,-1.1823694326,-0.1279895039
0.8055339442,0.4187046748,0.8747582377,0.5769757314,0.9789494372
0.6873612161,0.3418152055,0.6095595466,0.4096803853,0.5246860615
0.0424885974,-1.1116139749,-0.3433548826,-1.0414853652,-0.1008537699
-0.7677580775,-1.1980359817,-1.1593542849,-1.4827728938,-0.978966062
-0.8380266864,-0.7250758419,-0.4624469688,-0.9247573676,-0.7183282179
0.9978082574,0.3756865837,0.9466221957,0.7801418215,0.8674120765
-1.8291342046,-1.0088988166,-1.9403157328,-1.5495281526,-1.9292512991
1.0945925181,0.3519499242,0.9323339683,0.7436642533,0.9540264271
-0.3337182322,-0.0098376986,-0.1915001106,-0.1522858442,-0.3419988391
-0.2420343327,0.118917056,-0.3235336119,-1.4076856988,-0.3698622046
-1.6693254042,-1.3992890929,-1.5953506981,-1.4313946376,-1.5889838614
-0.0750337459,-0.4265355854,0.1229082059,0.9255240961,-0.0446422728
1.3892315907,1.0618323219,0.9400419645,0.6903854959,1.2557803603
-0.1709178647,0.4045053544,-0.5066645149,-0.8974752708,-0.2276163707
-1.9083077139,-0.7323642346,-1.5716366717,-1.6195502041,-1.8077520094
1.8550262285,-0.0098376986,1.7907149128,1.7998550904,1.9894161602
-2.3338981117,-1.1264648203,-2.0155235728,-2.5478311859,-2.452740773
-0.8507716911,-1.8453559633,-2.318635499,-1.3335892784,-1.3795307775
-1.611967021,-0.7558212557,-1.475624199,-0.3936956538,-1.9641095438
-0.0915418358,0.1242210746,0.2560960068,1.0785716805,0.1387301063
-1.2817438524,-0.4383939369,-0.3272252333,0.9362920385,-0.9891024814
-0.2256782119,-0.2249458301,-0.0074437429,1.1747611994,-0.0283485467
1.842356818,0.9598515834,0.8896761523,-0.3618530872,1.456033978
0.0864556424,-0.1968037522,1.258493586,1.0744493347,1.0200745747
1.4703946179,1.006814952,2.2705319563,1.5151029883,2.235607064
-1.1203163912,-0.4076301413,-0.8596313319,-1.39265508,-0.8957705359
1.4748343742,0.6288649388,1.4938354047,1.6627270441,1.3883664202
0.8361620034,-0.0892345916,0.6191308948,0.1656388158,0.7766369516
0.0366004964,0.3079680342,-0.0072743253,-0.1455693633,-0.2202065948
1.2442747002,0.7297147333,1.6404329469,2.6786113828,1.3459171601
-0.264028871,0.4363672264,-0.3753918846,-0.285974138,-0.2066653034
1.459678379,0.9313036669,0.3056934999,0.7448419332,0.6807018176
1.2649880157,1.0275067954,1.3181448728,1.4222333898,1.3217180615
-0.2115776963,0.4475943555,0.1161354914,-0.2993475421,-0.0590985354
0.0676433376,-0.6757282118,-0.3746333307,-0.419115771,-0.3749790059
0.6214003621,0.531103155,-0.1164164705,0.1020479509,0.6189888965
0.413749336,-0.676466324,0.3177535687,0.3567942556,0.3946868787
0.0786581899,-0.6029397726,-0.1794288629,0.0859532274,-0.0045072851
0.2127118134,-0.2690763987,0.3448873205,0.4726201347,0.318327028
-0.0421617002,-0.5813922983,0.1314349834,-0.000762725,0.0359382637
-0.0675641422,-1.4719193964,0.2485454953,0.4906585987,-0.1269367837
0.2172688498,-0.0363176586,0.0486943319,-0.9145245818,0.0164967071
-0.1682746003,-0.9090689198,0.119097689,-0.1618711303,-0.0172449639
0.2990026571,0.2034169268,0.2326516812,-0.3170353004,0.6391029341
-0.0634858133,1.719604298,-0.6068701422,-1.0514292914,-0.2201588954
0.1681943248,0.1474548446,0.4879609748,1.0367970387,0.1839673964
0.5457324404,1.2206222888,0.1740360271,0.1030673831,0.5649672314
0.0012152911,-0.0875254667,0.8082495082,1.1413456279,0.2884787022
-0.0690511041,-0.4505473726,0.0134713656,-0.080784397,-0.1792447953
0.0335341516,0.6406850574,0.5378964869,0.3105466254,0.2817156441
-0.0466078281,-1.2777340774,0.0322726818,-1.4159955841,-0.3414890066
-0.3841418842,-2.1289196645,-1.3572657108,-1.5810618689,-0.8410092378
0.6199953768,-0.9959027898,0.5292503712,1.1501723646,0.6986854478
0.1645274304,0.1783244874,0.3257384632,0.8242279689,0.3934318743
-0.1307858179,-0.7612381473,-0.1573840962,-0.5142753842,-0.1806274766
0.3301455268,1.0435659391,0.1752613918,0.7288141884,0.1487919214
-0.7357587607,-0.7592596205,-0.8686776999,-1.2517016579,-0.8907874584
-0.3826610087,-1.6263690994,0.4727389251,1.6604471193,-0.0729531968
-1.7947119,-2.7422332819,-1.734169352,-2.1215963217,-1.9504810413
0.367838733,1.0816204349,0.4451367964,0.3838135328,0.4832637101
-2.7860643281,-3.974287922,-2.1786324756,-2.196713235,-2.6615382929
-0.8050087715,-0.2969032573,-1.2635072959,-0.109371259,-1.0343953346
1.9054363002,2.2636557794,2.0041013947,2.9175923868,2.3262525367
2.7628252511,4.2237348748,2.1203704238,1.3647604471,2.7530461391
0.1239166206,0.1807839876,0.2919867713,0.2699180779,0.4872673873
0.9566534389,0.778420074,0.2716041972,0.435338866,0.398759406
0.3678688702,0.8001205579,-0.3799293547,0.0136304708,0.1582471117
-0.0109556262,-0.2779300037,0.1088588602,0.309899821,-0.0614726354
0.1012405484,-0.1979446389,0.623847471,0.6297829467,0.3403950267
-0.1491580821,0.5284969095,-0.0541014262,0.2719941847,0.0551736232
-0.4041520014,0.2580998011,-0.6502125977,-0.5030732427,-0.6148691338
-1.0808127101,-0.4642772745,-0.8960687015,-0.6843081706,-1.2466783688
0.0147021191,-2.7202137401,-0.244487892,-0.4961201781,-0.0848546655
-2.202872278,-2.8677325148,-1.5796633093,-1.4112992908,-2.1750338986
-0.910604207,0.7227561521,-1.3033410954,-1.6393901061,-1.081522318
1.3702504666,1.3900527829,1.164992926,1.1639952974,1.3098851635
2.0810517933,1.6500094907,1.7340601214,1.5922393953,2.0391278211
-1.1530870127,-0.0917046347,-0.7134072838,-0.8598715915,-1.0244663015
-0.68043244,-1.5108171486,-0.8672913229,-0.4788059803,-0.9883299771
-0.2282060229,-0.9223130331,-0.1219120997,0.0120726819,-0.3456987624
-1.2773697197,-1.48694842,-0.5169752861,-0.3193936256,-0.7225889026
-0.7571550197,0.1313142882,-1.4883133483,-1.8312111562,-1.122818035
1.2271090429,1.0334421958,1.294652523,1.7682065971,1.5189663117
-0.0255737593,0.968178906,0.373629113,-0.5474545226,0.1353611919
0.2085520431,2.096150442,0.2069986265,-0.3559535568,0.5060943295
1.6645622483,1.7046669679,1.6705853054,1.9274975858,1.7340093593
-0.9694810504,-1.3239100999,0.0977239499,-0.1467061983,-0.6851220535
-0.009798782,0.2343106901,0.228049419,0.9090844164,0.2540393529
-1.960443963,-0.2264064968,-1.8911693759,-0.5118585221,-1.6052154613
-1.3550203648,-1.2573137507,-0.9572512178,-1.5818367461,-1.6177703223
1.4700836174,-0.9418805529,0.8954571095,1.1822028544,1.0657542871
-1.7257769159,-2.5801344588,-1.0534678343,-2.0056217701,-1.5590849459
3.3354996044,1.7143584008,1.8819244517,2.537090538,3.1694853825
-0.0063769574,0.4079501478,-0.2817830366,-0.4714157649,-0.529510323
1.339362198,2.0991253153,0.9409204007,1.3413184353,1.1539286056
-0.4423832663,0.6987183941,-0.4767861909,-0.2868565323,-0.4435321865
-0.6679226838,0.2610374738,-0.4313640426,-0.7890164273,-0.540131103
0.8623152853,-0.4692446479,1.2106961281,0.5502844076,1.1986908528
-0.0927200611,-1.9632624048,0.2193991078,-0.1604533864,-0.048624657
0.6653881504,2.9982939633,1.0857343614,1.1286743301,1.078550792
0.2530459338,0.2591245273,0.6688435485,0.5023164306,0.4295530754
0.1317527164,0.5268847031,0.0525874251,0.1135439573,0.1409102021
-0.1636387076,-0.5708099948,0.0853501091,0.1953026136,-0.0818653657
-0.3331034412,0.5270553051,0.3077247178,-0.0351710763,-0.1689941443
0.9467281291,0.8183472393,0.5612193571,0.2673043416,0.6686313371
-0.2005478026,0.2820025097,0.0428118617,-0.0290205951,-0.0805871516
0.540900076,0.6240191185,0.0847782188,0.1332847427,0.2762145181
0.0480870686,-0.2993651852,-0.0742637369,0.0539068383,-0.1344648655
-0.1143353581,1.4679230358,0.3503738975,0.2755346449,-0.2172306159
-0.569702959,-0.5309330045,-0.5291800652,-0.471006245,-0.3897146372
0.9467165336,-0.6642163705,0.8164975641,0.6785130605,0.6684432327
-0.5900298818,-0.878434241,-0.6016904918,-0.6314165008,-0.5740793954
-0.7275616916,-0.8850945732,-0.3038260052,-0.3413377359,-0.5565966245
0.1987850186,0.5513720175,0.2511003826,0.2435279841,0.0941274555
-1.8321256146,-0.6746723129,-1.135102364,-1.3209541308,-1.6968111596
0.8518573704,0.0436056167,0.2417503342,0.4402852308,0.4143683013
-2.192684275,-0.6782414465,-1.6783108041,-1.2029244073,-2.0216013241
-0.2305327402,0.5818186441,-0.251856923,0.5410537062,-0.2686925088
1.6575243519,2.2108218257,0.8124902047,1.5936013059,1.4230971024
-0.9946353308,-0.1411377736,-0.4822056393,-0.3768761992,-0.753076067
0.6015740708,-0.5880166442,1.2533214311,0.7438146789,1.1396147028
1.4246537215,1.5485571005,0.8374141356,0.7237884079,1.3714759726
-0.8008693665,-0.6092578693,0.1309150774,0.1737303859,-0.6130018535
1.038231719,-0.3504278346,0.6067212298,0.8369890186,1.0049381286
-0.124019425,-0.1937506717,-0.3534703541,-0.156295075,-0.248656816
-0.7207843258,0.2796689081,-0.3697033919,-0.1257390173,-0.7606162859
-1.932340717,-1.2436809015,-2.3523840779,-2.2526180222,-1.7416671755
-0.3134153484,-0.8820300474,-0.3170682685,-0.1749234139,-0.3222715021
0.1758916077,1.0061302061,0.5009403902,0.6154786864,0.230746781
1.6750697662,0.7587802976,1.0605663095,1.2962636081,1.3805906687
-1.3402857848,-0.5890438266,-0.9686040978,-0.411002925,-1.0701385011
-0.5578726665,1.2602975539,-0.4641076682,-0.1122658629,-0.5072926691
1.1462538954,1.8223076146,0.682590407,0.6363147252,1.1388276874
-0.0849825397,0.3766357007,-0.1950685407,-0.5717885489,-0.2854977559
0.125820204,-0.0611958759,0.7472720159,0.6747374175,0.2673311866
0.3141144925,-0.11260793,0.4103375875,-0.3022226099,0.4741508366
0.5884961633,-0.1898338556,0.3628409668,0.3938356019,0.5610040669
-0.5670974666,0.2734609657,-0.2053022008,0.0293350793,-0.5790593058
0.3347766031,0.0158747883,-0.2683872353,-0.0500581963,0.1446603451
0.4379060114,0.6322819592,0.6026810366,0.7167138882,0.5546339149
-0.0935541624,0.5265648582,-0.1176837111,-0.2141061895,-0.1359470409
-1.8384491118,-1.1793906965,-1.5278448415,-1.5982346991,-1.363244908
1.3064049326,0.1699255753,1.1806990716,0.9563908925,1.0308497992
-0.598131475,0.580047791,0.3238516727,-0.0897701092,-0.217763941
0.5227114346,-0.11192966,0.3527676199,0.0675912556,0.5475592748
0.0813862035,0.6030503019,0.3475968613,0.4216425492,0.2294830225
0.0878552799,0.9809313999,0.6363972579,-0.3301548824,0.2172580731
-0.3200726973,-1.0173491726,-0.6618699776,-1.1414041348,-0.527793734
0.4138434273,-0.3909922051,-0.1477683274,0.4716516332,0.2774334524
-0.5272062138,-0.902071451,-0.6653042902,-0.9657804459,-0.4810711193
-1.3027558531,-1.0117972894,-1.6437717311,-2.0700161836,-1.2254770388
1.4433629902,1.8301490865,1.4281645612,0.984419218,1.5739263045
-0.961691082,-0.4179737317,-1.5565074433,-1.3996845227,-1.4245513343
-0.6070767304,-0.5730188726,-0.4420589422,0.2750534182,-0.5644293776
0.4833010776,-0.2413496855,0.4558986588,0.4481283457,0.3944888417
1.6766974966,0.9181006732,1.083445352,0.6938780617,1.522893313
-0.5972433408,0.1947429848,-0.2487239485,0.0369539614,-0.6382848717
-0.2862219188,-0.6224523855,-0.3929524078,-0.239093976,-0.3889378205
-0.0994362961,0.2724139766,0.0521670436,-0.0974006537,-0.0807754023
1.1805200169,0.6045616847,1.2914649013,0.9544044663,1.2107771422
0.0792159749,0.1175026257,-0.1033498131,-0.1203669755,0.044295103
0.1171231521,0.1682160216,0.5245933187,1.0015232453,0.3099099116
0.0357583158,-0.2637874428,-0.2158641152,-0.172234909,-0.1202085638
-0.2205880585,-0.0862076937,-0.0223701956,0.1248590045,-0.1536667245
-0.0476406572,-0.4173880218,0.3094714893,-0.1074245932,0.2271710168
-0.3902334249,-0.674354478,-0.0823862932,-0.3728710968,-0.3055373475
-1.2604647679,-1.423841795,-1.1348052588,-1.0505476368,-1.2433134286
0.7302842799,0.692880909,1.3690300727,1.1611167486,1.0224031307
-0.285033133,0.3781611736,-0.2187740696,-0.1272677709,-0.1928464599
-0.7878000042,-0.2676176421,-0.5872940669,-0.5288611899,-0.7814791034
0.1412271925,0.1193194419,0.1918629952,0.2027804579,0.1947298808
-0.2324095554,0.3515480401,-0.1775289792,0.1332073607,-0.1627646972
0.3640755631,-0.4730198179,0.3791128635,0.9352332288,0.2016524138
-1.1440231397,-0.4490150221,-0.8186292614,-1.027852526,-1.0500260294
-0.4129835052,-0.0098376986,0.1240813639,0.7039234037,-0.2125878057
-0.5880553233,-0.0616720329,-0.9519638705,-0.5813557492,-0.7996612269
-0.0661767702,-0.0617258087,-0.2051108262,-0.3374130961,0.0035055221
1.4920657128,0.0939545495,1.1610495772,1.2773330114,1.3579598701
0.2010732441,0.1198549636,0.0561582762,0.1167345535,0.1573457552
-0.9525200091,0.1714970638,-0.6549834354,-0.3233051182,-0.860227941
-0.7468697805,-0.7340302676,-0.461167976,-0.3301917048,-0.5838706543
0.6882391674,0.7969952078,0.4385085026,0.6058163868,0.6177490312
0.1525235178,0.1969373356,0.1240204096,-0.121657212,0.1854291669
1.1138056819,0.8931320905,1.24942486,1.1893358143,1.1086371469
-0.6887585369,-0.3682336867,-0.3567427338,-0.0335675857,-0.663213599
0.618051587,0.6578295973,0.6461864653,0.5380332826,0.6649414551
0.1055527068,0.5518816513,0.0601360921,0.2179115319,0.0288507296
-1.1866243896,-0.1622875392,-0.7639100849,-0.900767356,-0.9020588182
-0.5381270328,-0.0777815149,-0.2487837812,-0.0793225116,-0.3917269182
0.315006844,0.4231566199,-0.6566369403,-0.2890327769,-0.0906942991
-2.3118515045,-2.2682471796,-2.3867636929,-2.4789522516,-2.4766018663
0.1027264836,0.8959725314,0.5008366127,0.5150880846,0.2645295963
0.8604411104,-0.2152502213,0.4558239063,0.1530395504,0.7629562621
-0.2312102738,0.6075650202,-0.1308273858,-0.6459612582,-0.0811328935
-0.3539005937,-1.0333821997,-0.3897687101,-0.1307721425,-0.4952192861
0.561797504,0.583947284,0.052217835,0.0507391066,0.6633227638
-1.7543432108,-1.3197935269,-1.7585327934,-1.4813809854,-1.985644958
0.1698487517,0.120051935,0.194779929,0.3680510659,0.2183536569
1.348745484,0.9503262099,1.4297556271,1.3398512807,1.3924572147
1.3678134541,0.1445748251,1.3784299129,0.9766897348,1.2441911379
0.4394441498,0.5042394469,0.5837689216,0.5654537962,0.4736471851
-0.0716831122,-0.0610480349,-0.1682565219,-0.6876490765,-0.1308832883
0.4001134663,0.6301753537,1.1677990715,0.5905694733,0.8886410376
-0.2659530957,-0.0862153149,0.8277186735,-0.4593784482,0.0836525364
0.039653829,0.6016033358,0.1073341687,-0.54581322,0.0446236949
-1.2093480686,-0.4406608242,-0.2548674778,-0.4568899155,-0.5418200326
-0.4911535058,-1.8921723126,-0.7325931636,0.2533916151,-0.323461168
-0.8230592759,0.4814793507,-0.5310843429,-1.0395658133,-0.7066223488
-1.1175739799,-1.5289707998,-1.1449115437,-1.4765867209,-1.2924094821
-0.8936717214,-1.4448727976,-0.9869412557,-0.9115890844,-0.718155011
1.210493975,1.3736150285,0.8969116624,0.7472142154,1.3980117495
0.746312004,0.5914818356,0.3744073665,0.3547701076,0.8075554272
-0.0851116657,-0.2179118843,0.2686413145,0.1582389376,-0.0419361653
-0.4162626296,0.928198935,-0.0645799341,0.4762469274,-0.3099225269
-0.6502300014,0.4295211874,-0.299282415,-0.5591271485,-0.3664781958
-0.3626362553,0.7368692515,-0.2416469294,-0.2582424453,-0.3073805984
-0.1172648397,-0.623851102,0.5987069144,0.1915142579,0.3176854829
-0.8473312232,-0.0098376986,-1.6319941685,-1.2551701799,-0.9486310885
-0.3582533123,-0.1898553329,-0.3027514179,-0.7295522589,-0.3802272667
1.5629390098,1.2008431801,1.0661336062,1.2059649969,1.4471852686
-1.4465966487,-2.3551822501,-1.2919886198,-0.9256032205,-1.1588495967
-0.0519922456,-0.894508613,0.091348301,-0.201075113,0.0654602306
-0.0115710703,-0.5342839461,-0.2635144342,-0.3643870054,-0.1938312142
0.4105149841,-0.3522560341,0.2279735648,0.5931543253,0.4105863191
0.3996029728,0.5977914554,0.7805220853,0.9367491364,0.5620013701
-0.2732960308,-0.2463913471,-0.6718287192,-0.8209683263,-0.3511722944
-1.1258542883,-1.1421778611,-0.8283010876,-0.9609620841,-1.0071122255
-2.4413216312,-1.0204365337,-2.7928252547,-2.4312016974,-2.503865159
-3.6709254989,-2.1830343328,-3.4671325952,-1.3032131754,-3.7565639914
-4.1922701152,-1.9511909147,-3.7634561087,-3.7261370196,-4.6377843981
-1.5458846723,1.2972087477,-0.4788699167,-0.6789884998,-1.620844819
4.5292960684,0.9667081676,4.059956484,2.3784922998,4.503042386
2.5776945468,3.0496895755,2.3246695845,1.7604966922,2.7859685999
-0.1316163863,-0.4356606154,0.2597149653,0.7317545674,0.0256892836
-0.8503701663,0.8182437812,-1.0966846534,-0.3140070518,-1.0230516284
-3.3427885307,-1.8398555226,-2.9084717866,-2.5980850445,-3.491533645
2.0647745481,0.1787945917,2.3291980162,1.4781288621,2.0862833229
0.1158963675,0.8241949877,-0.3918877349,-0.1048469811,0.0904819275
-1.9773652015,-1.3988526165,-1.0718203619,-0.775097059,-1.8314691408
2.7589908233,0.8823901459,2.597684336,2.1019645466,2.8774735117
-1.7298189401,-0.9220502745,-1.1726566689,-1.1355639771,-1.6646062473
0.4979687295,0.3417306663,0.7554535046,0.3640010291,0.5697536638
0.6788897019,-0.2794650906,0.4728892871,0.3590619056,0.4775954424
-0.4879128237,0.0171828573,-0.388849268,-0.3831748293,-0.5217744602
1.5703819036,1.2059127584,1.0509280704,0.9946756441,1.4498821418
0.4730032175,1.3537486995,0.612496852,1.1616245207,0.6681100173
-2.0662513139,-0.6176336237,-1.3784444655,-1.4236182526,-1.9287145134
0.8385820168,0.2027123626,-0.0205267219,-0.216159473,0.486770413
-1.311197612,-0.6727177692,-1.5070086335,-1.5058610326,-1.4806035383
-0.4087089183,-0.5165774787,-0.1363332388,-0.2791127092,-0.2839525201
-0.6090519313,-1.2419421626,-0.428051171,-0.2406989996,-0.437101618
0.7609424288,-0.4482893097,-1.0388046381,-1.2606745409,-0.0995165061
-2.2714222594,-1.3725060368,-3.0071855734,-2.7510809118,-3.0358930514
0.292304043,0.5417226454,-0.6244122336,-0.6107122027,0.098412301
1.6511077724,1.3076507394,2.1546783741,1.4347250543,2.1774708443
-0.1400983115,0.2072403567,0.0902659819,-0.3023804662,0.1847583635
1.3770569972,0.1255945223,1.6377949526,1.3983702618,1.6227974425
2.0892227875,2.2086731437,1.4599168084,2.3083415113,2.0859181995
0.0452489979,-0.0363296742,-0.7230327974,-0.6919047528,-0.4633482816
0.7928977788,0.7335922189,0.8196018463,1.5483467042,0.891082517
0.8989192594,0.6761221085,0.3427832162,0.8425763758,0.9822957893
0.1795113541,0.7245393082,0.3419666416,0.1405900885,0.0392494695
0.271500482,-0.1922652864,0.1090545537,-0.1101410226,0.1033789095
-0.3877846565,0.0162534562,-0.8982737746,-1.3796227639,-0.84055029
-1.1158080797,-0.6100791072,-0.3335662591,-0.9293697263,-0.5947889514
1.4359624586,-0.0098376986,1.7155956713,2.1179704942,1.6854259226
0.451947311,0.69847617,0.2755370203,-0.0695716348,0.4873169416
0.0482650881,0.4073193233,0.3179239949,0.1301304044,-0.0137172141
-0.1401129766,0.3279020953,-0.539908371,-0.1159141676,-0.2108291449
-0.3762256245,-0.5797366025,-0.8674916852,-1.5242872071,-0.7240277656
2.1137807647,0.5368320429,1.5478382822,0.7598774838,1.8922280931
0.9940351361,0.9229219352,2.1507575151,0.9149856832,1.2400307096
-0.2050864061,0.1186724289,-0.0003259118,-0.5651388623,-0.2681589273
-0.3234740904,-0.9340864262,-0.1428443935,-1.1932762168,-0.3428513277
1.2558301083,0.1971827649,1.2096053579,2.7335726162,1.3343768879
-0.2043845789,-0.3198273045,-0.4631396871,-1.0843126736,-0.0976499886
-0.6519261072,-0.0875261524,-0.4476477171,-0.3385429133,-0.6056957184
1.6205663239,2.063823686,1.7000008067,2.3915814853,1.6599663864
-0.3768432741,0.0920386969,-0.1051093034,-0.1275066983,-0.4583530941
-0.0767117716,-0.4677928348,-0.3333360326,-0.0074212277,-0.1771612331
0.2544495397,0.0668024282,0.3117380949,0.6888698339,-0.0857469883
-1.2134277195,-1.9498567868,-1.0323658222,-1.2419808698,-1.1898007991
0.1314426915,-0.1137173581,-0.2848543277,0.2294886465,0.1307752235
-0.4151563199,-0.0357895244,-0.3648485097,-0.8003349447,-0.4213830283
-1.7134877281,-0.6856235003,-1.2416712767,-1.9028415603,-1.6754211874
-1.3968800186,-1.2647673235,-1.5523065982,-0.7098095755,-1.3511406125
1.5915244563,1.4967302381,1.0900936161,0.5182790573,1.5329168869
1.5911316865,0.7728711632,1.6810189551,1.4911955259,1.8380316173
-0.0786067974,0.4307521705,-0.0849541361,-0.4380198089,-0.1761079728
0.5452706681,0.7130563522,0.5433132294,0.6516999263,0.3987281572
-0.2521898298,-0.3177364105,-0.1015108152,0.3879778471,-0.1891294325
0.0772691839,-0.5500631059,-0.0488377848,0.6462145397,0.09714723
-0.0419799065,-1.1744148911,0.1984499828,0.7019573243,-0.0602883178
-0.0497943518,0.173535101,0.1607890329,0.3127351776,0.0239276154
-0.6578441877,-1.8669352731,-0.4119587746,-0.3685774347,-0.5860175636
1.0516616273,1.3192866169,0.8500622409,0.4463644712,1.1992748963
-1.0776558287,-1.5078097451,-0.6780267566,-1.0133075189,-1.3264763039
-1.6969200373,-1.0216033856,-1.6786410717,-1.7113198949,-1.7200665702
2.4031211943,-0.1172937385,1.9630883189,1.0064203915,2.3464402276
-0.8102340834,-0.8432917554,-0.8188472963,-1.5613483871,-0.8596689944
-1.1119019139,-1.1201354561,-0.1230361328,-0.4308520859,-0.8014546742
-0.5491147799,0.4002675574,-1.4901051929,-1.1378100404,-0.9469997859
0.4964033492,0.0991769485,0.3758247185,0.2283791424,0.2170934013
-2.0907640853,-1.2619564946,-2.2041627908,-2.1274431734,-2.3084116415
0.6434601571,-0.2300222731,0.3139832196,-0.6856209388,0.5088833939
0.9937547637,2.8024524758,0.790253136,1.3001854524,1.1920491281
1.4325555139,1.2821301712,1.4171956737,1.4265612965,1.6460644669
-1.7032160184,0.3095890419,-1.3678085067,-1.1544411417,-1.7977856798
-2.4824658107,-1.4964053488,-1.5971005265,-1.228814646,-2.1190004552
0.7828049682,0.447306683,0.8486899111,0.5358893241,0.8611095342
1.0628922511,0.4723523706,0.5737048266,0.8038801602,0.9820977929
1.1833075816,0.657010566,0.8148001978,1.2279784822,1.4017303822
-0.3818444207,-0.2220084684,-0.0058702112,0.1273624178,-0.2315171039
-0.2075861587,-0.3102956214,-0.1993183089,-0.5695337311,-0.2990906653
1.2242295643,-0.0365168521,1.2340294378,0.9837322802,1.1933543445
-0.8156050286,-1.0496698711,-0.8549530232,-0.9203831562,-0.8862039302
-1.2270381437,0.1516013321,-1.1748819688,-1.1653265549,-1.1419318688
-1.8858556338,-2.4815630234,-2.0773218371,-2.3068140757,-1.828455353
0.0158913229,-0.1745634211,-0.2859435615,0.12345364,0.1892260126
-1.7526840949,-1.0545468261,-1.1598517024,-1.4032843746,-1.5734673408
-2.7394491129,-2.9229017663,-2.9923396665,-2.61216498,-2.8068528736
-1.2262008046,-1.1197554839,-1.0031372592,-1.6670776016,-1.3081453139
0.3196867184,1.4269377246,-0.1730034647,-0.4215177481,0.0541829763
0.781581954,0.6997415262,0.9479829285,0.2225333618,0.8639522388
-2.6093640859,0.1030190728,-3.3665350098,-3.1620028047,-2.9542536909
1.5834370427,0.8638161511,1.8523013384,1.4198481326,1.9001904452
-2.8158740277,-1.212643393,-2.7174543599,-1.6902948103,-2.5620010026
0.1527088259,-0.3772518413,-0.3031611835,-1.2402993021,0.0167270509
-1.8534012165,0.1319437772,-0.1691666402,0.3907686512,-1.4078271908
0.8023233679,0.0185072675,-0.047082896,-0.2188747254,0.5601386857
1.4884277605,2.1986213758,2.5303971191,2.1833675881,2.3182457497
-1.5495758494,-0.4544066245,-1.5919243179,-2.1941490679,-1.8674027691
2.007434862,1.2173459766,1.0013643839,1.9249041985,1.6028776751
-1.6465274361,0.5421441105,-2.1695688581,-1.4487268261,-1.3110710887
0.8599812905,0.7592250725,0.7814796648,0.0170457493,0.5989565252
2.8105858809,3.2916219656,2.2553036018,3.000414625,2.8398561925
-2.2508268185,-1.3096823133,-2.0957657873,-2.4608260656,-2.2798933177
1.2638524197,0.3925851988,-0.3282463444,0.105028175,0.5364382899
0.5170998758,1.2467694053,0.0595253807,0.3889984321,0.132655586
-1.5434981187,-1.358727982,-3.2067484713,-2.7556661573,-2.1987041985
-1.3220858162,-1.1873432677,-1.8213045663,-1.5971236537,-1.6944795076
-0.1414017635,-0.9560841474,-0.3947842994,-0.5638347246,-0.1225676091
-0.7707894643,0.3990201671,0.2821013041,-0.0733807746,-0.0672583933
-1.9033336473,-0.6074269356,-0.4346734476,-0.9919045816,-1.4785914557
2.2711935212,0.2085915949,1.5525559292,1.782996082,2.2290308855
1.5648176148,1.7888728348,2.1480404969,2.2889184686,1.879303804
1.7919682337,1.3856253865,2.0914836336,1.4265548527,1.8750839582
-0.3343248391,-0.1424514887,-1.0510315096,-0.6336888245,-0.5888975627
-0.2011590642,-0.5142007182,0.3102205029,0.4677288201,-0.0482750091
1.5667499651,0.4701252325,1.3709971144,1.0683098877,1.638983222
-1.3666856798,-0.8595274004,-1.4786354757,-0.921406875,-1.4964437145
0.3254607208,-0.0900961696,0.7860993327,0.8974817595,0.4720890236
1.4425504,0.6861459761,0.7908494325,0.848583161,1.2770764992
-0.4475881868,0.0433773279,0.1200700133,0.4822747646,-0.263150129
-0.9096422255,0.6550048029,-0.7427600652,-0.3317332587,-0.9915100151
2.3958584326,1.3651538724,2.748511061,1.8548417759,2.7359859852
0.1854713332,1.0616325079,0.2309291582,0.9724803241,0.4318333818
0.2558960793,0.3267432924,0.0274327228,0.890807926,0.3624369159
0.3801719189,0.3000009888,0.1428360221,0.4856642923,0.3399659596
0.4079536048,0.2218836702,-0.235585878,1.0380728905,0.057881616
-0.7953409485,-1.1662014374,-1.2803450647,-2.3069939372,-1.3549559655
0.1978933488,-0.0876994453,0.4785723807,0.4017864248,0.5434708704
-0.0854337693,-0.3474988883,-0.3088675234,-0.8075676818,-0.0270870021
1.4378532332,1.0842293294,1.7418646991,2.0668617235,1.8651867837
0.056708417,-0.2162072189,-0.0181264328,-0.3204688434,-0.1921720148
0.1008540822,-1.1473682858,-0.4966897498,-1.5683615839,-0.2592848092
0.4488201008,1.3216966032,0.6695003629,0.6643164542,0.6073197907
0.9917830734,1.796953446,0.1694173132,1.4440371775,0.7232452735
0.7510288679,0.0410054233,0.3648549378,0.8726507499,0.4681106162
-0.1796850966,0.3712038549,0.4713444145,-0.4045029187,-0.0327359366
-0.5769172007,-0.0604487103,-1.118058029,-1.9006022664,-0.7893516121
0.1673717957,-0.1112059494,-0.0972467019,0.3669239316,-0.0257849406
0.5959679916,0.674743188,1.5704690338,2.4984220197,0.9820879355
0.4992809016,0.7966862795,0.3989087324,0.0840941129,0.4616636588
-0.2562882759,-0.8107766132,-0.0439525533,0.2742388531,-0.2829174128
0.6556422549,0.4186233281,0.8356489653,0.2783494077,0.6924461544
-0.4128824833,-0.9138330458,-0.5042567492,-0.8069251962,-0.4190801156
-0.9231588057,-1.2499921139,-1.0049796741,-1.116746344,-1.227293118
0.692296327,0.2971504899,1.4836626799,1.0884713311,1.1791219985
-1.1885138976,-0.6987576488,-1.4823007285,-1.4010336676,-1.4406782626
0.181412214,-0.4461611848,-0.0086731071,0.3598159294,0.2794546879
-0.1852804771,-0.3190442046,-0.4011056888,-0.2885512721,-0.3644855974
1.0382252874,0.8685356083,0.7218718309,0.9523446899,1.0806047974
1.1732030861,0.8106646924,1.4456820893,2.0433669046,1.1246502725
0.0676527716,-0.0098376986,-0.0851308143,-0.1444638109,-0.0250918618
-0.2370548661,0.2956530063,-0.2056445318,0.1635291329,-0.1599319577
0.6410497776,-1.2540761853,0.3733837415,0.6683199505,0.7169285426
0.2684136143,1.8896393327,-0.4404448945,0.0469131457,0.3141672587
0.2240906816,-0.3381251211,0.0981318357,0.1390942995,0.0434947294
-0.7781988302,-0.0858070257,-0.0990536765,-0.572909889,-0.6504574444
0.087016109,0.1929178884,-0.8334750127,0.8788881376,-0.0396648904
-0.2204234827,-0.1869484222,-0.2616643339,-0.7418726459,-0.2563839051
0.0345192424,-0.3392038066,-0.2040192635,1.0193923781,0.1729742294
0.2801948171,1.3114295112,-0.5543147014,0.2495121861,0.1469434633
-1.4037002746,-1.014720017,-1.209783988,-1.1608982724,-1.1208245888
-0.4210064115,0.6743812417,-0.659704415,-0.8255558778,-0.6352002833
0.7164087628,-0.0602031581,0.8032721269,0.8116453198,0.8647851247
-0.9581891207,-0.1862843325,-1.1505756324,-1.6232750875,-1.0562565628
-0.7003263074,-0.8175939446,-0.820936558,-0.7610287913,-0.7370168709
0.0122525669,-0.492836347,-0.2307434025,-0.473019107,-0.0730911618
0.4745989332,0.1688568113,0.337304751,0.5468697673,0.324672138
-0.2765873846,0.1430908223,0.2328305144,0.2679577302,0.0425569655
1.4060127055,1.1101186265,1.164187263,0.8643553227,1.4093713634
-1.4538705699,-0.4383948619,-1.0478021271,-1.214753385,-1.159364087
0.0115828185,0.3950391313,-0.5314052133,-0.5539764165,-0.06498793
-1.2607483127,-0.6150090692,-0.4577377789,-0.5585780528,-1.0331445845
1.1092576741,0.978723175,1.1337050561,1.1513836812,1.0962791002
-1.2323065757,0.1409560363,-1.2691950385,-1.6050112641,-1.1418601245
-0.07201413,-0.8883428672,0.4263352923,0.4227982497,-0.021333859
-0.6529039295,-1.2744496697,-0.5997393783,-0.7339364328,-0.4771527594
0.3857963037,0.2970255152,1.119566255,1.482483095,0.6561600549
-0.1028300963,0.219686543,-0.1320503142,-0.1096126531,-0.2882423964
1.3620087847,0.7792519005,1.8854938532,2.0089230033,1.5489337223
0.9021884562,0.4199237255,0.6204080179,0.4444474816,0.7674656491
-0.2005281595,0.8888386804,0.0813122543,-0.1375531913,-0.0697628143
0.2422527238,0.1909032237,0.5732108243,0.8574204098,0.4542694725
-0.6075119783,-1.7133126376,0.2311501125,0.3253547317,-0.1623763864
-0.0336981565,0.2697891911,0.0272787428,0.6448179391,0.0870152454
0.2686752298,-0.0858706658,0.3194456194,0.5821675732,0.2838941617
-0.2544204414,0.9800118849,-0.6182190765,-0.5541681828,-0.3845306235
0.6873136488,-0.0098376986,0.4592291654,1.0048330359,0.5253969586
0.066272929,0.4179954845,-0.19108372,0.2174886279,0.1050066367
0.381546414,0.3411695008,0.1970522171,0.6889894906,0.3403940539
-0.1776218211,-1.209687442,-0.3677039398,-0.6497055315,-0.2453974236
-0.8219980242,-1.3485663164,-1.3093130698,-1.4173969199,-1.1143475051
-0.9115639745,-0.6742859962,-0.9695471251,-1.1090910144,-0.9908358629
-0.4265992858,-0.9865017206,-0.1530182846,-0.2692341382,-0.2548504417
-0.2769708445,1.1306532296,-0.2278575344,0.0900882347,-0.2597242093
0.5606723334,0.5548857227,0.1454380724,-0.1236100122,0.3198191796
-0.4284112518,0.1945157987,-0.948265466,-0.3200892503,-0.4248645988
0.8005933314,1.1120986823,0.6904247298,1.0439554677,0.6315368702
0.1120120854,-0.2371534759,0.0763155192,-0.3455474206,0.2707718825
-0.3676118552,0.3444562008,-0.2643282052,-0.434456482,-0.2376842696
1.4507175563,0.9739643069,1.4856384278,1.8852246765,1.5119609427
-3.9765019344,-3.2115164342,-4.0496395234,-3.6435504561,-4.2306707191
-1.7846618045,-1.4688882852,-2.3960224073,-3.216084419,-2.1538732474
1.7720893386,0.9290272949,2.0032856758,1.502658973,2.0253647861
1.8469151042,1.8527346622,1.7526185836,2.048930811,1.9394310508
1.4912280224,1.08492739,1.2329408922,1.6676228643,1.5353777686
0.0754503848,0.7467611182,0.3437567815,0.366838882,0.1818124951
-0.7518803865,-1.0872895692,-0.8470071345,-1.4507628656,-0.8431199498
0.4568403563,-1.400925773,0.6746631047,0.6231643388,0.5784936972
-0.1968437893,0.297413054,0.2974572001,0.1685902829,-0.1467991511
1.5745852016,0.8327301194,1.5361771428,2.2423822574,1.7321016101
0.4622751282,1.1054435509,0.5691852796,0.9875521104,0.351935419
0.7178300167,0.6177834389,0.6099345807,1.2306788944,0.7714918221
0.1046223707,-0.4093430273,-0.3853800159,-0.4037383922,-0.0295382585
0.7972340274,0.491304548,0.4942338369,0.0475806778,0.5675687593
0.0137025884,0.6388129667,-0.1413114887,0.2153918519,-0.1534839486
0.0534661216,0.5607462773,0.4503250535,0.1722943059,0.2323470345
0.1125178055,0.1383376082,-0.4277655195,-0.6172696172,-0.2124702283
0.1751077487,1.3708896186,0.9771518824,0.7011602475,0.4523402449
-0.5346209589,-0.5702252708,-0.3608192011,-0.4926285466,-0.4661789189
0.2857531967,0.5532782088,0.4472561855,0.6786191942,0.4853931997
-0.5351912757,-1.1793646289,-0.1032732969,-0.2719224486,-0.3961432178
-0.1707973252,-0.330507119,0.1813769214,0.5192669607,-0.0076302465
-0.0597057225,-0.454882308,0.5101855243,0.129093572,-0.1848975536
-0.1490390727,0.2135598015,0.2313704926,-0.1564700601,0.1419163235
-0.2011680432,-0.4309926622,0.0795132239,0.1710553296,0.1448410086
-0.2241312582,0.1393623005,0.3598838314,-0.0957744217,-0.1931991338
-0.6211228717,-0.4568035968,-0.9252033468,-1.3354572293,-0.7865070906
0.2110916569,0.6632121049,0.3607200683,0.7858951598,0.3199302016
-0.0684136322,0.014917762,0.0673465763,0.04838473,-0.020472397
1.1592596777,1.006068162,0.9758147036,1.3371410972,0.9572507421
-0.1387830777,0.2603355034,-0.203473841,-0.0998084846,-0.1509458608
-0.0262689127,0.7007903034,0.1746457647,0.0695530522,0.0001777441
-0.283584425,0.3554974734,-0.44334558,-0.6836326837,-0.3790391187
0.6886275252,1.2526299004,0.3891277207,0.4210266683,0.5064397302
-0.280445825,0.3263748308,0.0282452937,0.0218665755,-0.1379981052
0.3218676131,0.7085565059,0.4852222893,0.895519588,0.2801923595
-0.5723074682,-0.7475822594,-0.6990916083,-0.8507549177,-0.6836718936
0.0871228673,-0.1056585303,-0.0263283402,-0.2976056078,0.1724893144
0.0984398407,0.3497328932,0.1581822975,0.6756262355,0.2110611308
-0.3309882187,-0.2488076714,-0.087904158,-0.0382161376,-0.2130642196
-0.1943930897,-0.0098376986,0.0601427843,0.1954409554,-0.1108808259
0.0620301091,-1.5663521789,0.231384852,0.6435240481,0.1821814697
-0.4610287927,0.3056861779,-0.8373603882,-0.8918787125,-0.6558465423
-0.2571480597,-0.0582315168,-0.1572446772,0.1785071307,-0.2043199356
-0.3827659506,-0.760565311,0.0700240919,-0.182619107,-0.2292077006
0.6279599564,0.5020298711,0.1942980248,0.4967445734,0.5639383439
-0.3547265145,0.1600475128,-0.2283832372,0.0508735055,-0.2728874058
-0.3852351732,-0.0098376986,-0.23668765,-0.4974648146,-0.3220808738
0.0662060335,-0.3248709753,0.2053622751,-0.0404957428,-0.0500637982
0.407329045,0.5247500562,0.3662231482,0.8872782132,0.4442700573
0.2394575237,-0.4936049951,0.425792098,0.0844733113,0.3021880977
-0.1246712088,-0.4955858185,0.0924358029,0.545465191,-0.0622986039
-0.3389645956,0.0633464339,-0.5042704246,-0.2312091574,-0.3042704741
-2.5233085332,-2.2767779398,-2.5202194905,-2.9799485305,-2.9025899499
1.4855507373,0.5123021579,1.5730381373,1.2626315784,1.6649506431
-1.6833095017,-1.371144485,-1.1099858743,-1.8375947184,-1.7733340434
-0.2549176786,-0.9615804159,0.2935903811,-0.0891433223,-0.113718564
1.0920681746,0.3436887398,1.3692373824,1.1745862298,1.1327061304
-0.63713828,-0.0853504133,-0.3261825864,0.3933898089,-0.486954558
0.0128202687,1.0986370574,0.0620725337,-0.3549692038,-0.0103855386
0.9967644062,1.5123668658,0.9417822446,1.2568792808,1.2268425608
0.5758065475,2.5024135514,0.7576814094,1.3681781902,0.7121230924
-0.8752249441,-0.5642837158,-0.6690182769,-0.6935313717,-0.7136992282
-1.1070984347,-1.1483047926,-0.9380095762,-1.0652210024,-1.0459005969
0.8049607406,1.1418429645,0.8351406197,0.3832765471,0.7056427932
0.6554670113,0.7424742488,0.1797844274,0.6741393784,0.5719208152
-1.2869424059,-0.9019458918,-0.9566929156,-1.384297133,-1.1313864671
1.0021362616,-0.9574514816,0.7342531359,1.0319587967,0.88319818
-0.3934882887,0.8476206102,-0.258494069,-0.4764502298,-0.4251827794
-0.5919395855,0.7197511763,-0.2603874289,-0.4884317702,-0.6226711708
0.6682544205,0.5459639696,0.4285927232,0.6243960111,0.455415249
-0.1292155285,-0.5149150971,-0.2225528648,-0.1937562755,0.0108705222
-0.2274654755,-0.8069901679,-0.3194225997,-0.7680437818,-0.4243424097
0.5127497482,1.5712575335,0.6101018814,1.0559643016,0.4914453943
-1.3166366768,-0.6097634062,-1.5466326971,-1.7850389045,-1.4955232105
0.0495331192,-0.2269075562,-0.1988636907,-0.0621931288,0.088360728
-0.3388521942,-0.4206641712,-0.5310902061,-0.9184191534,-0.4063724812
0.2027336366,-0.1311039268,-0.0396618634,-0.2923928038,-0.0217503746
-0.3818813914,-0.131259236,-0.3220758274,-0.2094933659,-0.399233207
0.4341881999,1.0838443436,0.766617208,0.5285163509,0.6725778842
0.2097584062,0.9531990367,-0.0075390451,0.3835517104,0.2101701418
-0.3061559428,-0.5351238288,-0.1398553715,-0.2529535173,-0.2055430121
-0.1559533621,0.3019603535,0.2331999547,-0.1633706102,-0.0550459144
0.4439690516,0.0619253394,0.9128927465,0.6174126103,0.5082168513
-0.3916533805,-0.7987692387,-0.5382746627,-0.8316837387,-0.4877585507
0.1419266412,-0.7156108809,-0.663778516,-0.9164020106,-0.2480369543
-0.2385870817,0.7168312349,-0.6892486785,-1.1960711748,-0.3932595121
-0.1039423864,-0.1542519675,-0.5365465349,-0.2184113471,-0.4074253148
-0.1695564483,0.0142660738,-0.0730704334,0.2694877303,-0.0594894405
-0.7225032687,-1.7206769883,-0.7202929079,-1.1017616607,-0.8360594343
-0.7335585215,-1.5262156479,-1.8476209379,-1.7252852563,-1.3176606684
-0.3237520837,0.0892783543,-0.2861549391,0.5043520767,-0.2393816299
2.3556227688,3.3577476621,2.2492223754,2.3141873017,2.5442791842
0.4143762971,0.9766410164,0.4582008796,0.1975831154,0.3942745376
1.5743707527,-2.5387112075,1.0210475367,2.9028352788,1.2454695157
1.3103210676,-5.1319389592,-0.8364822387,1.4635616182,0.1820622181
0.1952967233,-0.8265067305,0.4724437983,2.2972770001,-0.2081328532
0.0794994097,0.9411681142,-0.401894284,1.1663390084,-0.0587001551
0.2841211589,-0.6981601873,1.0092258709,0.2262015916,0.8264322042
-0.3861113289,-0.1637089137,0.2937286757,-0.0277298004,-0.2296093551
0.1693358314,-0.0868555805,0.6670296416,0.4976148367,0.4996560368
-0.2698039859,-1.3974986636,-0.281869746,0.4136305529,-0.3233549477
0.9079332752,1.2906163298,1.1275971544,1.3146458247,1.078374108
0.3114851635,0.8389314909,-0.1572937248,0.5182280327,0.048910663
0.3689632195,0.3964809784,0.2739247654,0.3286681095,0.410868655
-0.3779761503,0.3987756966,-0.596458513,-1.2537415632,-0.6575079956
0.0940055701,-0.3152315214,0.1457460603,-0.1468020359,0.1103487384
-0.0377923389,0.0411929093,-1.0698153977,-0.4515476437,-0.3544201998
0.3643741817,-1.3105269842,-1.3782895229,-0.6440043136,-0.4548763494
-0.179669872,-0.8352550399,0.0288053935,0.00035901,0.0010181962
0.2271781629,0.9253980768,0.9281760362,1.6650133068,0.6330656612
0.164518301,0.4025086457,0.3857021235,1.0217969941,0.3522002175
1.7429657552,1.3511926838,1.0507781073,0.7972591297,1.4885591325
0.3366280582,1.8683612881,0.369592143,1.4858415566,0.2063682646
0.7893447063,1.3638290229,0.4311712465,0.0840903652,0.6467778508
0.8555860163,-0.1332784473,0.2895066072,-1.0245896931,0.5833804449
-0.7405049621,-1.5664487914,-0.5376249967,-1.2399815268,-0.9910667026
0.2997987448,-0.7862779517,0.3051806283,0.6938968671,0.4072379664
-0.1013368276,-2.0018260902,-0.4053619291,-0.1860374133,-0.2492267812
0.1817538557,-0.5742846704,0.3069264051,0.4881359539,0.184902442
0.4838183246,0.1190552118,0.4162143548,0.8161545474,0.3786068184
-0.2392571883,0.1962125587,-0.2765416217,-0.6325127765,-0.3315770439
-0.1839100725,0.0158690843,-0.4810735826,-0.8953965446,-0.2623181134
0.0370608945,0.350004165,0.2169764825,0.5832755739,0.100610144
0.0154799589,0.3745014303,0.3846656324,0.3962292353,0.216742187
-0.6967911801,0.7818312277,-0.9197460141,-1.1929891995,-1.0189569506
-0.1310089274,0.8272069468,-0.1705963285,0.1315384129,-0.079417897
-0.3841073214,-0.7653024581,-0.9301615709,-0.4526094521,-0.5855576836
0.6489161212,1.2322145573,0.7736167149,0.5515736248,0.943626922
0.3022482152,1.1688119547,0.8016431963,1.5263839263,0.62152636
-0.298910921,0.3873741828,0.1387668564,-1.12503312,-0.1350412808
0.3258797918,-1.6674566094,0.5306864836,-0.3539176574,0.3645597582
-0.4933760516,-1.3401424708,0.1340518939,-0.7105230023,-0.4587291338
-0.2353881254,0.904292683,0.295821802,0.9039019534,-0.0452415967
0.5265285711,0.0909551977,0.1517168693,0.1337871728,0.2844721116
-0.4172761706,0.2921724329,-0.3370475159,-0.8758997976,-0.29515797
-0.080493449,0.3165714234,0.410836024,0.7322819368,0.1703046137
-0.3933784799,-0.4855266699,-0.6713931472,-1.3945980622,-0.3910194743
-0.1786619722,0.8700138518,0.2414054509,0.4051212465,0.1602736794
-0.4729516417,-0.2343721456,-0.3271479258,-0.9262008704,-0.4658036784
0.5072193571,0.140154418,0.2120748566,0.3980970817,0.3469974625
-0.2099360891,2.0122806447,-0.0968791122,-0.3131492668,-0.35869901
0.6107371377,2.5418812289,0.784282656,1.4701701385,0.7196747199
0.8568648114,0.2062425814,0.9046349275,0.8834303433,0.8899705572
0.1372934068,-1.6412856843,-0.0750176753,-0.5008903393,-0.1309296664
-0.0909033018,-0.3504323183,0.0409956708,-0.3696001359,-0.1462033118
-0.7571057421,-0.8882646008,-0.8622326169,-1.301922233,-0.7454826448
-0.6708890461,-0.1819502336,-0.0364414086,0.632818313,-0.1489347055
0.106837309,0.0147805697,0.4265144949,-0.0731385284,-0.0104758157
-0.084919781,0.2117309988,-0.1660667553,-0.2965893961,0.0212117217
1.0373412013,0.2850232334,0.4713558329,1.3925420436,0.8012589344
0.0589078514,-1.2353148674,0.0724979198,-1.1859962168,-0.2653516196
-0.257148884,0.4360521062,0.0856698188,-0.1936023537,0.0355453834
0.6323977373,0.6811173063,0.5039701871,1.3479425151,0.6250537536
0.507243203,1.4865565141,0.2667244614,0.6765383099,0.3702799528
0.7665453281,-0.3973435752,0.4498421969,0.2094190072,0.5660121484
0.4739117883,-0.5687034664,0.2582776939,0.2584793722,0.4216991203
0.5574538546,-0.669099339,0.5637866658,0.4807820821,0.5364697551
-0.0053232247,0.3831085981,-0.1308434989,-0.374864546,-0.1459299155
-0.0257342733,-0.2790766155,0.3401696106,0.017343704,0.150346315
0.6185463089,1.0204438303,0.3999117477,0.6772502677,0.6594881856
0.1323228975,-0.982397096,-0.1431546027,-0.467431735,-0.1713412126
0.1438680054,0.0637526414,-0.4711682238,-0.6557211196,0.0035794042
0.013905255,-0.3529240294,0.1078987875,-0.0388833037,0.1287674308
0.0374686635,0.6783173647,0.2203719221,0.8817597747,0.0733753156
-0.1899314073,-1.1825419749,-0.6588532318,-1.4648064316,-0.3456778703
1.6390084473,1.3723462967,1.2543878941,1.8100477359,1.5480565006
-0.6676249161,-0.2293479847,-0.7589372581,-1.2365386009,-0.7280436853
-0.0346755511,0.3078344827,0.1027038832,-0.1366420643,0.0134709258
-0.3331890283,1.1843342471,-0.4117507642,-0.7035712827,-0.4271106014
-0.2133763804,-1.0953255117,-0.3081891133,-0.6734544439,-0.3847122901
-0.4320758048,0.2336693802,0.0051073603,-0.6412984076,-0.3114018278
-0.0361315252,-0.6416112506,-0.034161563,-0.4427117525,0.0479634277
0.1990481529,-0.4007127526,0.3259121392,0.3259777921,0.335628798
-0.1689845393,-0.0834124202,0.1775388096,0.3163019036,-0.0025209921
-0.2945874136,-0.0098376986,-0.3683311496,-0.5783498199,-0.4389709494
0.5771206792,0.9223466714,0.6613440852,1.3901505174,0.9305972179
-0.1357989805,1.4258777148,-0.0434368641,0.1871745436,-0.2347883267
-0.1601233428,1.264082439,-0.0511652002,0.3432087757,-0.198387543
-1.4161692666,-0.0098376986,-1.8179725762,-3.0941426047,-1.7223271696
-0.0874099888,-0.24758616,0.4107968051,-0.098942946,0.174970782
-0.0762707726,0.4189671239,-0.1209801931,0.5192616197,-0.168785801
-0.3855969214,1.0107873866,0.1292540086,0.0526151085,-0.1435852891
-0.3071362857,0.735781893,0.138556435,0.1553562114,-0.1640454318
0.7989376311,-0.1972444507,0.5227581174,0.6617920518,0.7997110804
-0.2859029462,-0.6903056122,0.3151257924,0.2714398214,0.0812221021
0.3381875867,-0.4111295203,0.2212266595,0.7077307156,0.2967618394
-0.4146768888,-0.7441350104,-0.0977819705,0.2126111412,-0.3080031279
-0.122753826,0.7291512167,-0.3352308655,-1.1430411071,-0.2365845444
0.1692219713,1.0797294038,0.0095923566,-0.1351644694,0.0199548016
-0.2799386382,-0.2914187248,-0.6167525188,-1.1429054761,-0.4011986222
0.0332588589,-0.4332204087,0.1843881687,0.8291227007,0.1795877389
-0.0882078443,0.7456233219,-0.0739416333,-0.0230631058,-0.1416200437
-0.0390236122,0.4592810022,-0.003591207,0.1435763977,0.0348886646
-0.0874829562,0.2705091579,-0.2888346246,0.6512830585,-0.2123193795
-0.38333742,-1.617858418,-0.5615614025,-1.253495644,-0.4833567151
0.203783404,0.084664323,0.2879974301,0.1059422376,0.1575008477
-0.6879094093,-0.6237790345,-0.1764308676,0.0173284563,-0.3835478178
-0.7205123483,0.2987574835,0.1698914339,0.3324679235,-0.2452333451
0.9396338232,0.6768062875,0.8347514207,1.1474948789,0.8353421048
-0.2240830355,-0.1039771908,-0.1578102965,-0.3264447291,-0.3988928861
1.1690901588,0.9795340528,1.1486614066,1.2100908984,1.2178595495
1.2462416703,0.9066103584,0.62083941,0.8585171863,0.6644544669
-0.1658579376,-0.5429595184,-0.0593095228,0.5285944355,-0.1018364851
-0.0153191113,-0.26597851,0.3268506933,-0.185624285,0.0191854819
-0.2752460764,-0.4299231806,-0.0764605895,-1.1486582078,-0.2681644023
0.0021173919,0.8802289363,0.7114538266,-0.1044895587,0.2953974113
-0.0054898021,-1.1720417762,-0.4185220339,-0.6035556072,-0.1933824353
-0.085345398,-0.2211657741,-0.0105197039,-0.1731048939,0.0225858928
0.2569977136,1.0957527204,0.3510204693,0.5239193514,0.4311793171
-0.0203381976,0.0833474625,-0.0248807373,-0.395626278,-0.0408783235
-0.2510879475,0.9912855873,0.2300655604,-0.0171143427,-0.1647051124
-0.2302789932,0.0132280588,0.0804821981,0.4941227603,0.0864977783
-0.1808706386,-0.8636728805,-0.2638499973,-0.6677802125,-0.2972553983
-0.176150483,-0.2190649394,0.0285235597,-0.5384830671,-0.217511806
0.4233967577,0.5025300229,0.3958652324,0.7319297955,0.5113249585
-0.0618864107,-0.4967735767,0.2637232746,0.0195697259,-0.1252798468
-2.1090464395,-1.6398793871,-2.5507367576,-2.6673601879,-2.1633945072
0.2656198132,-1.0254095615,0.6535911855,0.3305837069,0.3843520454
0.7455494693,1.7534178643,0.4028782168,0.4029955885,0.7433176395
0.4514405019,-0.3149336723,0.741364184,0.6477034596,0.5560246935
0.1891231117,0.2489958566,0.0254314111,0.2321063538,0.1689099959
0.3625785565,1.0232752948,0.3292785215,0.0728854234,0.2447951877
0.3391645738,-0.172743972,0.6101517825,0.0282199206,0.4723408725
-0.0644693301,0.6633070366,0.0220038392,-0.1108576161,-0.009055844
-0.3290944411,-0.8483150826,-0.1645284126,-0.7895517305,-0.1856062536
-0.1645222796,-1.1594096346,-0.1281911785,-0.0998082275,-0.0988378399
0.6977643304,0.701072186,0.7014004965,1.7554434367,0.8369558457
0.2905954785,0.5082917328,0.8611854578,0.6011292892,0.3867887966
-0.1713781192,0.6466345413,-0.2108906047,-0.6348214621,-0.1871257422
-0.3113158895,-0.8491409601,-0.3730370455,-0.1372545805,-0.3690595365
0.1555764583,0.1075854949,0.2901398457,0.0881394074,0.1374941209
-0.0014151922,-0.432120794,0.3206694749,1.2527936587,-0.014106523
0.4395009661,-0.0569527598,-1.8030538472,0.3761943757,-0.1419531655
-0.2475452664,0.1315211313,-0.562658229,-0.1987038315,-0.1592885569
0.4566082439,-0.2451237676,0.6507854334,0.4205607665,0.4804457696
0.2006180188,0.6502744316,-0.452722422,-0.5915615919,-0.1612773096
-0.1292732165,-0.36147444,-0.5156252786,-0.5327201378,-0.3062029448
0.0824646522,0.3663953696,-0.2714363041,-0.2571919747,-0.0121915303
0.7343878763,-0.2911133864,1.3215709044,0.732384431,0.9273900633
-0.3827018337,-0.2917162784,-0.8482635516,-1.0416755174,-0.8255438733
-0.3580835553,-0.2218278152,0.665198545,-0.283320475,-0.1131322035
-0.1187500882,0.1081364401,-0.0124574461,0.3261232582,-0.0983499892
-0.0634921679,-0.104127194,0.3893856649,0.658696927,0.1366386358
0.0303182472,0.7686577952,-0.3355389255,0.0924751339,-0.0084439219
-0.5850457677,-0.1799189802,-1.617121428,-0.9096039492,-0.9858992709
0.7329549118,0.6482867057,1.331250272,1.4362265554,0.9810875191
-0.9549265923,-0.4071664663,-1.4573051287,-0.6350569919,-1.0473292319
0.2909905692,1.6083155398,-0.1172046959,-0.0882884685,0.1334128834
0.653852034,0.4295827413,-0.5350395708,0.7257210264,0.2240202563
-0.0557267328,0.5661545,0.5930426969,-0.4657695816,0.1240966472
-0.9029526402,-0.6746961687,-1.0240668083,-1.3224210815,-1.1369110394
0.4627571987,0.1054459402,0.9589931082,0.9845236853,0.7008602349
-0.0812900984,1.2341145865,0.3126055185,-0.5253016077,0.0628631181
-0.0468130677,-0.2605296283,0.2106308601,0.2760181425,-0.1364407505
0.6163460141,0.8580602407,1.008599563,0.7235956232,0.8060188096
0.0629489859,0.3528867605,0.1506072397,0.0570556331,0.1731877816
0.40532959,0.3517340687,0.5332169529,0.1779181869,0.4993220409
-0.0927427851,0.4632785345,-0.0249787949,0.1522624412,-0.0514070823
-0.3444026085,-0.5258872712,0.4042017242,-0.2961674316,0.0244216004
0.3048044911,-0.0999939628,0.5680425027,0.9077060687,0.5807864376
-0.2049247774,0.170599149,0.0202851994,0.006022428,-0.0631462096
-0.2198151541,0.8909645934,-0.0892953593,-0.4597428857,-0.0881065494
-0.4090354859,0.2583180165,0.2952973826,0.1137507259,-0.1691895813
0.4902538661,0.0793292463,-0.0345272307,0.7809628216,0.2953707788
0.4733815499,-0.2300851389,0.1050427023,-0.5618943302,-0.0123051829
0.4067727706,-0.7721140777,-0.6680979789,-0.6010086216,-0.1585806853
0.1296880664,-0.1001074469,-0.1693327745,-0.3202487802,-0.201510391
0.2729921062,-0.3937773858,-0.4595439389,-0.3052181379,-0.1300862264
0.3355760288,0.3527478773,0.1714868706,0.1799912867,0.240132972
0.2262448301,-0.0098376986,-0.0595415482,-1.0556546029,0.0121625401
0.0020995694,0.1482693855,-0.3954719846,-0.5464493616,-0.2996842557
0.3011754144,0.0804224004,0.1166572456,0.4459620203,0.1748795877
0.0845310875,0.1028727363,0.4371256193,0.0920287442,0.1466926015
-0.2231039774,-0.1900043988,-0.2574991472,-0.3014341831,-0.3265749263
-0.2420455453,-0.1902692154,-0.3313615109,-0.9190231199,-0.0876098099
-1.1255725796,-0.7327146925,-2.1250072694,-1.6877264934,-1.7318253398
0.0261217904,-0.5781525592,0.5645781468,0.084570013,0.1033897157
0.667970298,1.1781003627,1.2429681132,1.3523847064,1.1250718148
-0.021978795,0.3745335466,-0.1656557443,-0.7843551049,-0.1033634665
0.0865237221,-0.4155078807,0.1303420811,-0.0122237637,0.1202309314
-1.4921329506,-0.3716956275,-1.939807157,-1.7161249952,-1.8439784545
-0.4558722583,0.1943314386,-0.1390548745,-0.11226621,-0.2591013598
0.1065354649,0.420475266,-0.1082039639,-0.0941985364,0.0902322377
0.9974379625,0.1932255152,1.2626680681,0.9901964022,1.113073039
-0.5143809646,-0.1449588967,-0.3490506682,-0.1564437261,-0.4476594294
-0.2022119972,0.4186201346,-0.1645776007,0.2542892599,-0.2869610207
0.1112295241,-0.1895589696,-0.143184888,0.2141113165,0.1496836513
-0.0777876122,-0.3183269831,0.2141299652,0.2967106663,0.0115127524
0.252913117,0.1256455316,0.2364078408,0.0673096119,0.0529652794
0.0936191419,-0.2579604853,0.9679332386,0.4910645802,0.4925224969
0.2448763108,0.0353822541,0.8647461037,0.918602064,0.6213751374
0.1585495245,-0.2809722886,0.0455923234,0.5268508566,0.1857670504
-1.2843560792,-1.7763419582,-0.9565034871,-0.9644570424,-0.9250729665
0.2396234408,0.4501419532,0.214973792,0.1398487249,0.3193223344
-0.1712738617,-0.5367292953,0.0141161309,-0.2706153556,-0.066033223
0.0194089123,-0.424043783,-0.6267890271,0.0193942816,-0.2187247197
1.3301741421,0.6137139648,1.0447820061,1.0105771278,1.2177698289
0.273250402,0.1969117063,0.2771777911,0.545853489,0.346730684
0.1562043564,-0.6519116506,0.0337663761,0.1962242852,0.0429792616
0.1871148163,-0.2173512789,-0.5225531018,-0.1562646422,-0.1734988692
0.2887082107,-0.4025350358,0.2376360712,0.4127252455,0.169994756
0.278097238,0.7318976157,0.0377566177,0.5880117259,0.1244044929
0.1549232555,-0.1941130382,0.045333816,-0.0767961023,0.0841200374
0.1666724802,0.5899552646,-0.1344336717,0.2981276776,0.0286735702
-0.3256798983,0.2196359651,-0.5565354833,-0.1133747343,-0.4001564822
-0.0997585124,-0.4450111274,0.0088109573,0.4009213322,0.0302403002
-0.3271867036,0.1051091455,-0.9058766817,0.044969987,-0.3041582573
-0.1109646657,0.0131453972,0.090702584,0.2876680697,-0.0368326106
0.2434419771,-0.5885585886,1.0570062164,1.7857022692,0.4307655135
0.1602169211,0.0132468804,-0.0522526773,0.2218830131,0.0951220465
0.0739012952,0.4518805248,0.5842734962,0.0996450991,0.3864833653
0.7389953287,0.2891012287,0.2550951057,1.1506469375,0.4061631249
0.3820826112,0.3112595237,0.1681551793,0.1248349574,0.2063094725
0.0524160643,-0.1699335946,-0.0117245975,-0.2959150094,0.1000281082
0.5318671434,-0.1243776857,0.6984348192,0.2400102642,0.6127305568
-0.0585492346,-0.4225035923,0.0159331667,-0.1492679783,-0.1703430822
-0.1139056106,-0.5390121254,-0.2090375496,-0.4499287458,-0.2554969668
0.3045987927,-0.3103179419,0.0558209966,0.2483320746,0.2253694146
0.1644534674,0.3609382418,0.1850689931,-0.1005748707,0.1649057566
-0.2113117162,-0.356335039,-0.2320952476,-0.1427545032,-0.241784561
0.1060130286,0.082841299,0.1553179767,-0.1894663752,0.057076778
0.3820786522,-0.6812254308,0.2123191118,-0.0308286763,0.1587588268
0.1545301433,1.1079152689,-0.0600970022,-0.358714301,0.03312828
0.757227431,-0.586434902,-0.0469096175,0.4513090613,0.0412564131
-0.0225753605,0.1987980824,-0.3357329354,-0.2272375416,-0.0070227836
0.7786312941,-0.1255295602,0.2972870099,0.4227197539,0.5509806039
-0.3213566362,-1.0288863564,-0.6733235139,-0.7703791182,-0.5081214371
0.7856718398,1.4388284648,0.1158272928,0.1533009904,0.1432795396
-0.6049250844,-2.9174973216,-0.5632198579,-0.4703491537,-0.588587193
0.3048509892,0.1558587858,-0.160408981,0.2204087113,0.1028509687
0.1152553642,0.5251065803,2.0839111804,0.6550618254,0.8954391289
-0.4723349269,-0.7393235848,-0.0884292613,-1.1263801616,-0.4172330597
0.0916519721,-0.459800128,0.3608842562,0.7070217795,0.0648081631
0.2365679651,-0.7943871429,-0.2158463961,-0.6469291851,0.1402734459
0.4653490809,0.612523374,0.6372750385,0.1031050638,0.3378379665
-0.0043539124,1.0139184252,0.260572585,0.1612187067,0.1028865138
-0.006438137,0.0373525112,-0.3220133944,-1.2256693828,-0.0672761432
-0.0196456242,-0.3872782191,0.2509555423,0.1370274159,0.1229752451
-0.5485597577,-0.1518309488,-0.6137194363,-0.4611630748,-0.483582421
-0.2460167957,-1.6449000854,-0.0423167485,-0.0160319257,-0.1498363926
0.0367282346,-0.0338568451,0.040644207,-0.0449408975,0.0693729561
-0.1992371706,-0.3223715934,-0.3385194663,-0.2768194613,-0.3143607601
-0.7338630201,-0.4919521147,-0.5112167727,-0.4938461787,-0.6891016446
0.8817800406,0.0869823137,1.2052908263,1.4427888628,0.9097754464
-0.5443665936,0.3287862399,-0.2051471697,0.3464261159,-0.3512227698
1.104086283,0.7136515689,1.0853023024,1.6225892927,0.8665585579
-0.3673634127,0.0380858832,0.0139066135,-0.1649630885,-0.132663143
0.1068915682,-0.5129328781,0.253018647,0.1178353494,0.1943377144
0.0623038097,-1.5738175256,-0.2050338183,-0.396954044,-0.0900158867
1.2079028246,-0.1220752123,0.4224153048,1.4154776156,1.1023219125
0.4556423223,1.0182962351,-1.2904280726,0.3299053971,-0.0882643441
1.5555931196,-1.3928368538,0.6500837811,0.0809458755,0.9091802805
-0.2443886499,0.4321777703,-0.4276310824,-0.4689812953,-0.2811429529
0.2297779362,-0.2789448134,-1.0788519699,-0.3162749113,-0.1678405027
-0.5717570562,0.7502951399,-0.2436543793,-0.9997434233,-0.4809599595
-0.2401940025,-1.227829595,0.148281722,-0.5243447191,-0.0585373232
0.2889551476,0.0393966483,0.4671443402,0.6957001829,0.2964411255
0.5134416624,1.4174695229,0.3329905356,0.0458043126,0.5963615199
0.221074963,0.2332621708,0.4415625528,-0.149149713,0.3278552944
0.8977404553,1.4213904611,-0.0449554709,0.2553051536,0.0800461254
-0.4116383289,-0.1296771454,-0.3271542578,-1.1197787666,-0.5195842426
0.6267088503,-0.27367179,1.0781388947,1.4435996435,1.0004624175
0.610461412,1.3124055236,0.7590160962,1.1132648077,0.5796407462
-0.2248346199,-0.5090001928,-0.4840514992,-0.7765529764,-0.4216374361
-0.1813325807,-0.1530618227,-0.0954015529,0.1732211032,-0.1417089685
0.2109540921,0.3008986849,0.0062370495,0.4004160244,0.1861299911
-0.1817891715,-0.1528747352,-0.1303679184,-0.2880835548,-0.0986278434
-0.0865405009,0.0856359508,-0.3857860458,0.0477363211,-0.1685697308
0.0817435347,0.4480201597,-0.0118774513,-0.049887091,0.0469200232
0.2458623098,0.4423466092,0.0962359992,0.2741471417,0.1684586992
-0.6016770753,1.0806221021,-0.7083109772,-0.8530122613,-0.6491904156
0.4414430663,1.6340790173,1.4003029829,0.8626445342,0.9222786101
0.4108047743,-0.5423961943,0.7570821685,0.125006311,0.7003583922
0.6590424981,-0.0331150622,0.1149649926,0.1595361414,0.4241811123
0.9703102533,0.2461051812,0.7492082062,0.2291907691,0.7743435625
-0.1087479356,0.2919633072,0.228199187,0.0772381966,0.1484572363
0.4213761223,-0.7044783899,0.028829231,-0.1358363097,0.1065779476
-0.1258887976,-2.2228947799,-0.1907559561,-0.050306593,-0.1748399571
0.8893383338,0.132642219,0.7347317116,1.6074154778,0.7743295094
0.9853655335,0.7017728448,0.6081678569,0.277211832,0.7412322702
-0.0961860711,0.8388944815,-0.554684158,-1.162923014,-0.4559201816
1.4004200263,0.551865157,0.9471652275,0.7925489088,1.0518143865
-0.4839297151,0.4559643017,-0.0847755578,-0.625080639,-0.2335857889
0.1903155664,-0.4969714295,0.4814336135,1.2238487917,0.4657326152
0.585256758,0.5725279125,0.8928718221,0.4150831625,0.8947055154
-0.066543732,0.7086995196,0.6296427455,0.2949193646,0.2081187355
0.1328348497,1.0958689373,-0.6436084017,-0.557983151,-0.1104908182
0.5711420751,-0.0326415874,-0.106168516,-0.0380049479,0.0249766999
0.9333595188,0.6976242932,1.1840209211,0.3459232196,1.3345124262
-0.8213979722,-0.9514187532,-0.5628405303,-0.6183687648,-0.8296613778
-1.6389739338,-0.581724273,-0.8875204071,-0.9386191549,-1.3151879618
0.2723811097,0.1740513514,0.0628973082,-0.5014034216,0.0117357165
0.1155898277,0.2197075055,-0.3906580139,0.2620898879,-0.1207578509
-2.9958468318,-0.3763609903,-1.9595501467,-1.987219362,-2.5164934794
-2.811348194,-2.4687805301,-1.7317117688,-2.4876895047,-2.8712399177
-0.1401251252,-0.8550842073,-0.9267647761,0.0181973232,-0.6280342261
-4.8579712072,-2.6116581564,-3.837856365,-2.8080414344,-4.4190416905
1.5550145458,-0.1066140197,1.338902186,0.8773501809,1.6951341114
1.9159766264,-0.0340334427,1.4623353937,0.8103660228,1.5761067436
0.1347555049,0.2081481294,0.3835033201,0.2201959664,0.2592208903
1.1402209832,1.1264705121,1.7456016873,1.6886793882,1.5164330277
1.3787426863,0.9957111864,1.4777303363,0.9078755204,1.361069563
0.0376284497,0.2037764208,-0.2819839738,0.3593167129,-0.0017243636
-1.2197970759,-0.4836725013,-0.1243041651,-0.8644683107,-0.7258890866
-0.8248329158,-0.3666610587,-0.2708718216,0.0824752572,-0.6857024253
0.7198572141,0.9685236153,-0.1645807733,-0.146518967,0.0681980477
1.5634105494,-0.7197053281,1.6586751762,1.1569336833,1.8224089327
1.7782851239,-0.3669743282,1.0570447496,0.5880825742,1.3247035251
-1.398572454,-1.227829974,-1.2467581163,-1.421139091,-1.5258673805
-1.7865404587,-1.2407927545,-0.8144021794,-1.5133419784,-1.3381395738
-1.9953279249,0.4048962079,-1.2889625613,-0.3490794303,-1.5978206653
-0.3837469954,-0.1313860895,0.9899571548,1.5883645038,0.5457091791
1.540260599,0.4281918555,0.9190406429,0.7638942858,1.2402267134
-0.0061931749,0.3537915323,0.4917369936,0.957659385,0.2622421873
-0.4351903849,-0.44481977,0.2693171916,0.7157487337,-0.1016233917
0.3887123978,1.3485992846,0.3556379079,-0.1861468898,0.4748029955
2.0007503569,0.7094477233,1.6810610031,1.4850259879,1.9797659677
-0.7684786313,0.2999037368,0.2980563887,0.2004648337,-0.1936882259
-0.8394638783,-0.2712359642,-1.0440339207,-0.5652994581,-0.786735112
-1.2032231015,-0.9149383564,-0.238623102,-0.4927325066,-0.7122715426
0.4909958172,-0.8260344959,-0.2502367154,-0.491997089,-0.136353304
0.2895946722,-0.8560275607,-0.0518735623,0.5346263062,0.1532466451
-1.0681998243,-0.9840252826,-1.5819566976,-0.9664196063,-1.5301261658
-0.260487583,1.095450671,-0.305678741,0.5042842825,-0.2601060391
-3.4508585607,-0.4964303312,-2.4154100159,-2.1577153899,-2.9772592402
-2.1039585372,-1.9888441964,-2.4119361063,-2.1058454244,-2.4883340511
3.2464184962,0.8983322592,3.1079892255,2.078653094,3.1191626958
-1.7010988757,-0.2815825157,-2.9014264113,-1.8826311589,-2.0583031051
-0.094922207,-1.6440957604,-0.8802543015,-0.0658900353,-0.3850948691
-1.0421587669,-0.7633339899,-1.1601198113,-1.3158564325,-1.0794031375
1.857532377,2.1896153699,0.9502832994,1.2134417596,1.4246615329
1.0637245232,1.9748910299,1.3548858213,1.1903895303,1.3025023619
1.1007813313,1.1121707867,0.4195937188,0.6650837296,0.7544296237
-2.7568519534,-0.0823143413,-2.2695312042,-1.8516445714,-2.5994219521
0.1745793922,0.3285896474,0.439401733,0.0405328285,0.3435380818
2.0228931495,0.6890636603,1.955387777,1.780381547,1.903808218
-1.0873954584,0.4693009353,-0.400869629,0.1747904651,-0.689065388
1.3567150517,0.5866122933,0.9228245446,0.612923811,0.9161482206
-0.6315391312,-0.033569512,-0.5118859421,-0.5078669667,-0.3815955234
0.962957258,-0.84075996,0.622755094,0.7946362441,0.8996357522
0.9574525835,1.1140327314,1.6379236462,0.9844984446,1.1970529834
-0.2300695301,0.4874757287,0.1333893545,0.1934191855,0.0516303971
-0.4392752868,-0.9058910434,-0.8159254352,-0.6148766292,-0.7124582697
-0.9986003947,-0.7227815822,-1.2879531027,-0.6160654862,-1.0399311722
-0.1172963271,0.085813189,-0.2932256281,-0.1532454595,-0.0386894165
-2.0620924202,-0.9655220115,-1.7061164513,-0.5682771399,-1.6043647479
0.2381650237,-0.0098376986,-0.1051212062,-0.2035044775,0.168815314
1.0978065215,0.5643321765,1.5378631811,0.4213517267,1.1705676378
-0.1029188697,-0.0098376986,-0.0398503475,-0.1324446638,0.084519664
-0.755429776,0.1340212635,-0.7849057324,-0.9063835639,-0.9992603486
-1.191998191,-1.183226027,0.4205797734,0.7686169473,-0.5900013239
-0.0247538713,-1.6548701694,-0.2294045034,-0.5409052793,-0.3078431356
1.5596381362,-0.2552704387,1.6083199169,1.134389814,1.4475362753
0.4030314733,-1.2394777492,0.693315261,0.775848758,0.3576834178
-0.0360421415,0.5370109402,-0.032538628,0.4143742128,-0.076194526
0.8175326745,-0.9499771633,0.9201063891,0.5448720665,1.0829452647
0.8803181103,0.5888094067,0.8052686047,0.422642127,1.046639894
0.3794522526,0.4616337823,-0.0825176921,0.1498854369,0.1537300343
0.2686646898,-0.5535340364,0.055547443,-0.4124422877,0.0577039309
-0.9480056384,-0.6554291143,-0.8368798549,-0.0320910347,-0.8424980904
0.243441002,0.389680895,0.5610846621,0.9169858782,0.4279011687
-0.3068721324,-1.5277692944,-0.2628029852,0.4907932253,-0.1449691217
-0.0445926442,-0.3124187854,-0.4249819681,0.0460253719,-0.351948906
1.3483582212,-0.9199800163,0.4688674138,0.5975799708,0.8154739721
-0.8784967366,0.8310735604,-0.2596471237,-0.7380379727,-0.410625305
0.1947124451,0.4202215508,0.5697639853,0.1060775414,0.3332680255
-0.3992533539,-0.8415660124,-0.0751131981,0.0034188183,-0.2809894643
-0.3238054803,-0.8222013036,0.0680384337,-0.1071544018,-0.3199084834
-1.8832422583,-1.5182610349,-0.5416378441,-0.2231151892,-1.3927181093
1.4073305476,0.6293708079,0.8091778611,1.3882966432,1.4340911243
-1.2333164903,-0.0873485439,-0.3195569376,-0.8588593408,-0.8468582642
0.9913668875,0.7915508448,1.4084215445,0.8013743929,1.2189270187
0.7897427944,0.5550092915,0.6147062508,0.2778059813,0.476727952
-0.113815607,-0.3164254761,0.3455791137,0.6131887748,0.0366256087
1.568842916,0.1182536888,0.5978556261,0.6122354582,0.9530438691
0.3880779589,1.1672310946,-0.7389469696,-0.4945444033,-0.1284599337
0.2950691687,1.1300567938,0.0776085316,0.2360618219,0.3189934806
-0.0233320364,0.9182775037,0.1279628594,0.0919806363,0.079285841
-0.0570251369,0.8859943486,0.5006744788,0.3990329561,0.1579002851
-0.5968298241,0.187699903,-0.1570477408,-0.3565046942,-0.5143720792
-0.1688359705,1.099453249,0.7690199373,0.4301996218,0.2427470838
-0.440262208,-0.6690989413,-0.2384700427,-0.077642554,-0.16375593
-0.52554532,-0.574647122,-0.0469733704,0.4489951373,-0.2929811975
-1.381973897,-0.4293327253,-0.3237490379,0.0233321856,-0.5140544799
-0.2487606299,0.6588642631,0.6474768357,0.7254861755,0.154261177
-0.9713826923,-0.7239434746,-0.9103287532,-1.0334409141,-0.784630003
0.5148416674,0.6343827625,-0.3084552111,-0.2211476282,0.171713811
-1.5964920199,0.0394314488,-2.08418724,-1.6099623137,-1.6444606953
0.0950208484,0.3349772998,0.3266033523,0.5978581752,0.211639067
-0.8396636061,-0.6237489063,-1.5512340392,-1.6266612025,-1.0478340095
0.4232918893,0.4098539796,0.7088918602,0.231869576,0.6747086501
0.215115505,2.1595562402,0.0305135471,-0.1444115938,0.0431286747
0.1209823048,-2.4133748214,0.6866190818,0.661060981,0.312241427
-0.6807958558,0.9819038083,-0.8890923193,0.2730434632,-0.6217143243
0.8222272875,3.6529855444,1.0285393323,1.0555430839,0.9592673863
0.424733252,1.0147673469,1.2494356879,0.7898981992,0.9430100965
1.4669580582,0.5569971997,0.8009901607,0.5579776537,0.9828260124
0.6193475878,-0.5739081936,-0.0175729113,-0.5312424328,0.3594687196
-1.0691608617,0.0846379765,-0.5879161304,-0.700405077,-0.8718687719
1.0031571954,-0.5762482405,1.2947261853,0.3404572864,0.974209995
0.3896446049,-0.7212907095,-0.0295591496,-0.2114737433,0.0805127993
0.1583934797,0.0140061204,-0.3064011631,-0.5117110916,-0.1650415202
0.2069442069,0.6820322166,0.559185852,0.4601328545,0.4177797377
0.3164782831,0.5830550349,-0.063522013,0.2267879824,0.20650457
-0.6696301057,-0.6232997393,-0.4152357996,0.496582174,-0.5058503038
-0.0792949186,0.4171399202,-0.118373546,-0.2827068051,-0.1557561462
-0.1137511063,-0.1280028992,0.2138561278,0.0572517159,0.1689306806
0.8647383213,1.4805933533,-0.0687339884,-1.0479858187,0.5118373675
0.7405569719,0.2003603884,1.0772583512,0.2498695411,1.0152911162
0.4653172903,-0.3595457148,-1.0348088096,0.5391548384,-0.3985692931
-0.394841688,0.5990249199,-1.4737520273,-1.8216211402,-0.8098800236
-0.7064858439,0.0600882378,-1.4027079936,-0.6136883761,-0.7157261468
0.4463853577,-0.1030293005,0.4765230158,0.9806769742,0.5239343343
-0.4207966779,-0.6161293509,0.3940429934,-0.1194256863,-0.1664649365
-0.0848329919,-0.8537328536,1.1463605327,0.6967272112,0.5287951928
0.5743983782,0.6041285061,0.0608228687,-0.5238370461,0.495905596
0.1304238944,-0.0568084498,0.5372018231,0.5873603632,0.3670379605
0.5260617796,1.4940865337,0.2410341068,0.1923638789,0.2838363755
-0.2539848613,-0.079429444,0.0023807821,-0.1117861164,-0.075814505
-0.3873272966,-1.495377325,-0.0126680971,0.1931464233,-0.2132276722
-0.9405693143,-2.1025035145,-0.7029411813,-0.2612747156,-0.8741625253
-0.6240498201,0.9240774129,-0.2953331673,-0.6769452332,-0.5120258056
0.4664968743,0.7503061587,0.5801854863,0.9440726253,0.6992439693
-0.6796262538,-1.2606093863,-1.2485180487,-1.2586001829,-0.93105729
1.7753799828,-1.1788521197,0.3494233862,0.8231504149,0.8775397846
0.451607837,0.6408864173,0.0668615581,0.372592677,0.3419728708
0.35364984,1.1405581064,0.002997348,0.2891613563,0.2376746864
0.2363208593,1.4139658801,0.4184884987,1.047782786,0.1957873755
-0.4477984105,1.2325779242,0.3145426197,0.2155307872,-0.0916348572
-0.3948165133,-0.2881512281,-0.1860319415,-0.3340733983,-0.2423100083
0.5525711139,-0.2655802721,0.7767629367,0.4435763914,0.6770565336
1.1152447406,1.8308725868,0.8234424773,0.118351475,0.8485260559
0.0141694644,-0.8813551879,0.091854241,-0.0315422947,-0.0138648527
0.2194140576,0.3850884333,0.9076849523,0.3149099836,0.6190980636
-0.6603686956,-1.2084169394,-0.3104210127,-0.1631775566,-0.5614701929
-0.1483405875,-0.3359020995,0.1990613257,0.4273441427,-0.0295720638
-0.1048668282,-1.4345920188,-0.2740382197,-0.4332441244,-0.2380057088
0.0507140452,-0.7192705731,-1.2077396827,-0.3453032934,-0.3718661329
0.0433513084,0.2756858118,-0.9345845741,-0.7549286397,-0.4708136866
-0.4034200332,0.5123410272,-0.3024770973,-0.103378182,-0.303143858
-0.3156966331,-0.3878946077,0.2104418327,0.2051693512,0.1758960315
0.4610617522,0.2272215398,0.5366540945,0.0192184789,0.3905303716
0.0745116056,0.8418342879,-0.2771957343,-0.180969056,-0.0036816574
0.6057166205,1.0469615868,0.6707250148,-0.1083022125,0.5702546336
-0.0113254952,-0.1960159703,-0.0995691465,0.3769064724,-0.0131420716
-0.4598483988,-0.5226339837,-1.4396106116,-1.0320217247,-0.6942339868
0.7720710804,0.5520582293,0.686421835,0.380598822,0.5803640759
0.6513033218,-0.1030264122,-0.1291703677,-0.4773252485,0.1007916032
1.0526762484,-0.2197061187,0.8995479911,0.927688845,0.8683559733
0.3263144188,-0.5938731232,-0.5540983382,-0.4650372604,-0.0881836127
-0.8360198372,0.1780106813,0.0213266137,-0.4194311492,-0.4548948358
-0.3544799382,0.6699723992,0.1175670295,0.1618246637,-0.1973133355
-0.5175276465,-0.0892446839,-0.2624043113,-0.9858000229,-0.4285132351
0.1902225558,0.0135002107,0.5717177361,-0.0925812561,0.2767407598
0.0307649634,-0.3133483828,-0.002251858,0.3064313824,-0.0460421322
0.7950588543,0.7626492121,-0.1642945096,-1.3489842892,0.3790254724
0.4838338712,-0.9864782904,-0.5110239657,-0.9920539517,-0.0914645265
0.1858761427,-0.8775259869,0.2547857483,0.8404349369,0.0376657496
-0.9175901198,-0.7659599117,-1.8159634182,-1.4142605743,-0.9971619942
-0.8350086179,-1.4844408242,-1.1768663766,-0.8835674632,-0.6893699962
0.1242802266,-0.0339144905,-0.7094181656,-0.1824480948,-0.0912811517
-0.2957103827,1.0021890284,-0.0291459662,-0.4769091914,-0.210457874
-3.6968160248,-0.8458936989,-4.0186796671,-2.7462929568,-3.8746309892
-2.5210224807,-1.381310503,-1.271248764,-1.8381898032,-2.442439416
1.278448985,-0.3263808998,2.167634671,0.047617309,1.6100859612
-0.4588034317,0.7470729013,-0.9115975429,0.3605818695,-0.7332986393
2.4645007061,0.9847451647,2.750126231,2.6369840768,2.4594580794
-0.4618700414,-0.635169055,-0.0905391145,-0.4616827771,-0.074682195
-1.5248826125,-2.0894444346,-2.0562167692,-1.751728747,-1.7222100551
0.246490892,0.8766550332,-0.5233922737,-1.1679355643,-0.0873256565
-0.6278668164,-1.0117848877,0.2002871487,-0.188162708,-0.5462289943
-0.6264203215,-1.3163230103,-0.4591781043,-0.8266516696,-0.6874883448
-2.8466367686,-1.2564513502,-4.3506885885,-3.6251191099,-3.6416118436
1.8410423871,0.7210802729,2.8116516773,2.0129712245,2.1249760578
-1.423781767,-1.0367082004,-2.059622289,-1.0791203924,-2.0642404713
-1.2015937658,-4.9375167273,-1.6385796496,-0.4477829686,-0.8095759893
1.9969332609,-0.8280811443,1.4780558963,1.8490402608,1.7802751917
1.0734781593,0.920562307,1.8999973553,0.2678873508,1.2191719108
1.1727870941,3.9984959621,1.6476245829,2.0724029739,1.1849742353
0.3198388963,3.6603234382,-1.4288433497,0.1230698213,-0.1328359898
0.7389710774,-1.220291154,0.5688267335,0.4938503314,0.6841009384
2.4151386112,1.3632226114,2.5082903416,1.5546908511,2.4260462429
-0.0014600819,-6.375174628,-0.5663019326,-0.268647087,-0.3375843306
-0.9431691308,0.0946033978,-1.6531114945,-1.7563344218,-1.1171244975
-2.7345174795,-2.5401032454,-2.7551120422,-1.9093676032,-2.3408887699
-0.5093941052,-2.3299955964,-0.0551170094,-0.2810073819,-0.217917106
-0.9937863992,-0.2003299435,-0.9242962556,-0.8008271817,-0.927007695
0.9147921572,-2.5722139153,1.612981685,1.3306597586,1.1891584804
0.5181746196,2.4990856628,-0.2043421949,0.1799006863,0.2138213233
-4.3706173063,-1.401372075,-4.5958206053,-3.6619859626,-4.0643311964
-0.0542995377,-0.617425697,0.8360548844,1.2108105446,0.3093672164
-0.8964228302,-1.0648472243,-0.5182967364,-0.0066237976,-0.8090216907
1.6407061892,-4.5208637936,1.9434338299,1.067723319,1.7646133058
0.4604238765,0.9814763591,-0.0434652586,-0.8562982777,0.3348156916
2.842446023,3.4735082556,2.8076598149,2.349259543,2.6317210643
-0.1758319615,2.5522770127,-0.301521222,-0.34103502,-0.2996206257
0.8631198494,-0.4505626028,0.7117435271,0.4573776886,0.9068261977
1.2568605385,0.7920252611,1.4142760321,0.9374853265,1.2296698228
-3.6364357634,-0.6139547714,-3.7475866504,-4.20450088,-3.8164487755
-0.4174344601,0.3766169406,0.3493647324,-0.2458083238,-0.2226139354
-2.6450194519,-0.1749174747,-3.0125107513,-1.9124608934,-2.7625369152
0.1132271203,-1.5251713433,0.6589629989,-0.3585912584,0.1600872564
-0.3013548924,-1.2661274588,0.1012571476,-0.2270912727,-0.0867636146
1.0302591373,1.7682798134,0.4763322343,-0.5209342853,0.5628246991
-2.3905987431,-0.6491573366,-2.2471791192,-1.479754869,-2.2692537122
-2.4901051758,-2.5533804163,-2.2593442078,-2.2262117816,-2.4657988129
0.3562034391,1.6191947282,0.3786409992,-0.0980903756,-0.0351740568
-1.7725634956,1.2865604367,-2.15958922,-1.9550569663,-1.8391734074
-2.3554168479,0.8262732922,-1.6408053151,-1.6634224713,-1.8830311499
-2.1496221379,-0.5909245549,-2.9606836142,-2.455150393,-2.444212946
-3.4219660831,-0.343544401,-2.2019917642,-1.8778222959,-3.2044022466
5.7263626211,0.6037398741,5.6100159842,4.6713081901,5.7334958935
1.26899807,-0.5818756383,0.3170501513,0.1111150198,0.9524948519
-0.4325094844,0.1857727321,0.019086884,0.4018898986,-0.1899126635
1.2820419255,0.2691451669,0.6931643245,0.72142315,0.9443154572
0.0434928561,1.8547497617,0.3934058183,0.4843192955,0.1025655435
-3.3258411361,-0.557605078,-3.0029592456,-1.7846690534,-2.9299330323
3.7655479226,1.0083674589,4.0801381787,3.5220261547,3.9556074865
0.4357671411,1.0812989985,1.1636102021,1.6573858751,0.7716248182
1.2113718949,2.0169410055,0.9908727373,1.3958679657,1.0844676131
0.3967753412,0.1495231237,0.7904337682,0.7822065817,0.4322688319
0.5461326783,0.0166734721,0.349353479,0.4038558195,0.4812513734
-0.0786207077,-0.1954478785,-0.2578326031,0.0957310716,-0.0622884497
-0.4656309994,-0.5144465404,-0.9679341278,-0.985885341,-0.6578563679
0.7050573637,0.523667748,1.6021752702,0.7885617211,1.2040657179
0.6318940997,0.6008536377,0.0949619402,0.5894256888,0.2136675027
0.7302021746,0.2807137193,0.6316228992,0.7853404277,0.8393197834
1.5490833538,0.7805581482,0.9419289311,0.9527022481,1.4908675766
-1.465654614,-1.2658891576,-1.911352609,-1.6330980312,-1.6948722263
0.7628281597,-0.2479441149,0.0196861472,-0.2394717427,0.2114451214
-0.1553167521,-0.2219149992,0.6037568645,0.629217853,0.1150600166
0.8184109823,0.1229541019,1.1991305422,1.1610072103,0.9438738212
-1.0287462939,0.0167008541,-1.1278101699,-0.6269703658,-0.9595657359
0.1946458366,0.1626845433,-0.8413027219,-0.1664856854,-0.2149256538
2.0005033108,-0.274822988,2.0826617895,0.9653448636,1.7665816849
-0.1201589685,1.0524974473,1.2780990035,0.7631597284,0.9565399202
0.2478865954,-0.5888044282,-0.2933279178,0.1341019219,0.0594657756
1.5574342527,1.5242049759,1.7917716125,1.1147076308,1.2966855806
-0.1465551447,-1.3149770191,-0.4065602496,-0.1698292566,-0.3044364672
-1.0573879264,-0.5378436633,-1.1992039997,-0.8054367526,-1.1355496176
-0.3407634552,-1.2298492262,0.0760669434,0.0157367646,0.0335503719
-0.2954391833,0.2850180659,0.0738896932,0.7598018606,0.0373841624
1.6738600983,-0.5445673472,1.3623845092,1.168674008,1.4567467543
0.4857682918,-2.1586801635,0.0202854248,0.2580274441,0.3071188186
-0.5210549598,1.1943993912,0.0308297062,0.1011686773,-0.354214867
1.9720557368,0.5589844626,0.5390218781,1.4482353799,1.2223670575
-0.013663198,-0.0637481764,0.1314174429,0.2830865369,0.1293942251
0.2327047905,0.6104110835,-0.0252998845,0.4005997699,0.1618300047
-0.5132753283,1.0094324982,-0.4356528584,-0.3981123315,-0.4561473016
0.7623787826,0.4421675103,0.8274949458,0.8405082654,0.7017896963
0.2179126418,0.0431425351,0.2920113969,-0.1065772377,0.0982968603
-0.2006575462,-0.0892623696,-0.1214193467,-0.7077698606,-0.1373468435
-0.3736280542,-0.9105458382,0.0118710244,0.1823422044,-0.1086350277
-0.3582131385,-1.1579055119,-0.3375337634,-0.3616980326,-0.3744740937
0.4434904923,-0.7109790873,0.7544050164,0.8152477659,0.7582115248
-0.9699785333,-0.3896788044,-0.2823440874,-0.8784823009,-0.4974100763
-0.1082269603,-0.7992392082,-0.0706162656,-0.4627020995,-0.1770895347
-0.6477721924,-0.7224432274,-0.9575767156,-1.9327999166,-0.8054393793
-0.9535603634,-0.6165517688,-1.147352744,-0.8452944924,-0.9920624083
-0.1543794103,-0.1207313031,-0.2293292109,-0.1409183421,-0.2936292186
0.8637660019,0.7671597202,1.9092362413,1.64888958,1.6636676875
-0.4844811997,-0.368172892,0.3683059768,0.0260205586,0.2988834958
0.6223733355,0.4325674576,0.6146709037,0.3377832968,0.7645343495
-0.0180149876,-0.423016802,-0.2138591672,-0.4120941406,-0.1463848951
0.5763929618,1.2064767412,0.6778147631,0.2063691135,0.5356067884
0.1228536686,0.509943245,0.3920602544,0.0563411241,0.3713113076
-0.6841393423,1.8965117618,0.0079693425,-0.7529244052,-0.3883221126
0.9261951525,0.3920396123,1.3262211104,1.1498590032,1.2193058485
-2.1037934384,-2.6263640938,-2.4856932402,-3.4578423299,-2.2561790305
0.0161368422,1.2194366845,-0.1202696149,0.404558716,-0.1430055662
0.5900815209,0.3145241566,0.6309217593,0.9267739961,0.7917004465
-0.1949541438,0.2754552523,-0.6626426031,-0.4003885545,-0.58640533
0.3656523117,-0.0367913403,0.272401603,0.7689919237,0.3730101819
0.9019375728,0.8794621423,0.7061832806,0.2543016879,0.7394468444
1.4238809238,1.0331189578,1.1955604814,0.9721869753,1.3027490907
-0.399703224,-0.8579501251,0.1901220766,-0.1989392132,-0.0432076244
0.122836988,-0.0365299744,0.5244094675,0.4308921781,0.2050905051
0.686112369,1.6191866853,-0.1014649784,0.3673240559,0.1976632499
0.1274627597,2.8079671587,0.5218637761,0.8788490579,0.4950024979
-0.4180277805,1.1470297726,0.1306107018,-0.2452366225,0.0768100412
-0.8875832539,-0.7479954379,-0.5994018221,-1.1914105066,-0.7522351968
-0.0206362013,-0.6758849555,0.6193842498,1.2965036715,0.3600052394
-0.1123011772,-0.6797349287,-0.2608514818,-0.1764752051,-0.0407994566
1.1436706932,0.2493176665,0.3943500093,0.3075168413,0.7248868131
-0.170584066,-0.3201335457,-0.1542044434,-0.3686906821,-0.1185766326
0.2483775806,0.9754025432,0.2396383636,0.1851082675,0.0141095855
-0.0634668418,1.2241625058,-0.1054676268,-0.9414086802,-0.3101895897
0.2197002107,-0.1878946436,0.1778347307,-0.4890342995,0.2568646482
0.585489778,-0.4684189354,1.2231121043,1.4893322964,0.9849490045
-0.3077561017,-0.3679101652,-0.2799498208,0.1496297445,-0.3006291533
-0.6378471022,-0.0355084073,0.1446036312,-0.7790527166,-0.0882349568
0.3060086833,-0.1210130752,0.2762985784,0.8272470149,0.5006956944
-0.0015072148,-0.0869770336,0.1289761704,0.4720800069,0.0796137598
0.1183006922,-0.7817690237,-0.845506031,-0.4559410989,0.0656189513
-1.2922295287,-0.7610567208,-0.7579923856,-0.5418001868,-1.1650382106
0.8186561296,-0.088055174,1.4815414446,1.8459666467,1.0778252141
-0.3403978201,-0.2707529697,-0.5391412605,0.0242628127,-0.5662078993
-2.1246764337,-1.369640098,-1.9613701841,-1.9488181796,-1.9692040611
-0.0397963361,-0.5390621901,-0.304249827,-0.4716215476,-0.2323081712
-0.669957869,-0.6744058265,-0.4550738438,-0.3274708283,-0.3973025693
0.4617172539,0.7387880376,0.0228015516,0.1447245247,0.3882530106
-2.8075285892,-0.7536490699,-3.3644999148,-3.043269134,-2.8569704165
0.8976600734,0.7387880376,1.0551754577,1.2159005441,0.8887883236
0.4765446284,-0.0895388895,1.0449966511,0.2878213067,0.63512457
0.9200630064,0.1496639687,0.8867390104,0.5168473984,0.991250623
